order,sub_no,cond,trial,id,x,t,y,u,choice
0,1,1,0,106,500,7,10,1,0
0,1,1,1,138,500,365,310,30,1
0,1,1,2,165,500,2,310,365,0
0,1,1,3,125,500,30,460,1,1
0,1,1,4,6,310,30,10,7,0
0,1,1,5,146,500,365,460,30,1
0,1,1,6,67,490,7,310,1,0
0,1,1,7,82,490,30,460,1,1
0,1,1,8,127,500,30,460,7,0
0,1,1,9,114,500,7,490,1,1
0,1,1,10,3,310,7,10,2,0
0,1,1,11,71,490,7,460,1,1
0,1,1,12,143,500,365,460,1,1
0,1,1,13,136,500,365,310,2,0
0,1,1,14,163,460,1,410,1,0
0,1,1,15,92,490,365,310,30,0
0,1,1,16,5,310,30,10,2,0
0,1,1,17,4,310,30,10,1,0
0,1,1,18,153,460,7,460,1,1
0,1,1,19,47,460,30,410,2,1
0,1,1,20,95,490,365,410,7,1
0,1,1,21,140,500,365,410,2,0
0,1,1,22,133,500,365,10,7,0
0,1,1,23,147,500,365,490,1,1
0,1,1,24,148,500,365,490,2,1
0,1,1,25,173,410,7,310,365,0
0,1,1,26,122,500,30,410,1,0
0,1,1,27,102,500,2,310,1,0
0,1,1,28,109,500,7,310,2,0
0,1,1,29,160,410,1,10,30,0
0,1,1,30,1,310,2,10,1,0
0,1,1,31,28,410,365,310,2,1
0,1,1,32,50,460,365,10,2,0
0,1,1,33,120,500,30,310,2,0
0,1,1,34,63,490,2,410,1,0
0,1,1,35,18,410,30,10,2,0
0,1,1,36,115,500,7,490,2,1
0,1,1,37,25,410,365,10,7,0
0,1,1,38,55,460,365,310,7,1
0,1,1,39,168,500,1,10,30,0
0,1,1,40,107,500,7,10,2,0
0,1,1,41,135,500,365,310,1,0
0,1,1,42,149,500,365,490,7,1
0,1,1,43,170,490,7,310,365,0
0,1,1,44,80,490,30,410,2,1
0,1,1,45,169,410,30,410,1,1
0,1,1,46,46,460,30,410,1,0
0,1,1,47,81,490,30,410,7,0
0,1,1,48,78,490,30,310,7,0
0,1,1,49,13,410,7,10,1,0
0,1,1,50,37,460,7,310,2,0
0,1,1,51,75,490,30,10,7,0
0,1,1,52,83,490,30,460,2,1
0,1,1,53,32,460,2,310,1,0
0,1,1,54,97,490,365,460,1,1
0,1,1,55,91,490,365,310,7,0
0,1,1,56,86,490,365,10,2,0
0,1,1,57,14,410,7,10,2,0
0,1,1,58,123,500,30,410,2,0
0,1,1,59,51,460,365,10,7,0
0,1,1,60,22,410,30,310,7,0
0,1,1,61,103,500,2,410,1,0
0,1,1,62,39,460,7,410,2,0
0,1,1,63,113,500,7,460,2,0
0,1,1,64,110,500,7,410,1,0
0,1,1,65,176,310,1,10,7,0
0,1,1,66,166,410,30,10,30,0
0,1,1,67,29,410,365,310,7,1
0,1,1,68,150,500,365,490,30,1
0,1,1,69,142,500,365,410,30,1
0,1,1,70,93,490,365,410,1,1
0,1,1,71,162,490,2,410,2,0
0,1,1,72,58,460,365,410,2,1
0,1,1,73,159,410,365,410,30,1
0,1,1,74,38,460,7,410,1,0
0,1,1,75,100,490,365,460,30,1
0,1,1,76,54,460,365,310,2,0
0,1,1,77,31,460,2,10,1,0
0,1,1,78,180,410,2,10,365,0
0,1,1,79,56,460,365,310,30,0
0,1,1,80,44,460,30,310,2,0
0,1,1,81,175,460,2,10,2,0
0,1,1,82,98,490,365,460,2,1
0,1,1,83,36,460,7,310,1,0
0,1,1,84,105,500,2,490,1,0
0,1,1,85,48,460,30,410,7,0
0,1,1,86,45,460,30,310,7,0
0,1,1,87,2,310,7,10,1,0
0,1,1,88,161,500,30,460,30,0
0,1,1,89,64,490,2,460,1,0
0,1,1,90,17,410,30,10,1,0
0,1,1,91,52,460,365,10,30,0
0,1,1,92,20,410,30,310,1,1
0,1,1,93,59,460,365,410,7,1
0,1,1,94,79,490,30,410,1,1
0,1,1,95,16,410,7,310,2,0
0,1,1,96,73,490,30,10,1,0
0,1,1,97,130,500,30,490,7,0
0,1,1,98,124,500,30,410,7,0
0,1,1,99,77,490,30,310,2,0
0,1,1,100,33,460,2,410,1,0
0,1,1,101,10,310,365,10,30,0
0,1,1,102,137,500,365,310,7,0
0,1,1,103,116,500,30,10,1,0
0,1,1,104,101,500,2,10,1,0
0,1,1,105,134,500,365,10,30,0
0,1,1,106,158,460,365,460,1,1
0,1,1,107,53,460,365,310,1,1
0,1,1,108,111,500,7,410,2,0
0,1,1,109,26,410,365,10,30,0
0,1,1,110,72,490,7,460,2,1
0,1,1,111,41,460,30,10,2,0
0,1,1,112,30,410,365,310,30,1
0,1,1,113,119,500,30,310,1,0
0,1,1,114,62,490,2,310,1,0
0,1,1,115,154,500,7,10,30,0
0,1,1,116,66,490,7,10,2,0
0,1,1,117,139,500,365,410,1,1
0,1,1,118,57,460,365,410,1,1
0,1,1,119,94,490,365,410,2,1
0,1,1,120,68,490,7,310,2,0
0,1,1,121,35,460,7,10,2,0
0,1,1,122,156,310,30,10,30,0
0,1,1,123,112,500,7,460,1,0
0,1,1,124,85,490,365,10,1,0
0,1,1,125,49,460,365,10,1,0
0,1,1,126,145,500,365,460,7,1
0,1,1,127,151,490,30,460,365,0
0,1,1,128,128,500,30,490,1,1
0,1,1,129,121,500,30,310,7,0
0,1,1,130,61,490,2,10,1,0
0,1,1,131,21,410,30,310,2,0
0,1,1,132,129,500,30,490,2,1
0,1,1,133,19,410,30,10,7,0
0,1,1,134,99,490,365,460,7,1
0,1,1,135,60,460,365,410,30,1
0,1,1,136,144,500,365,460,2,1
0,1,1,137,40,460,30,10,1,0
0,1,1,138,84,490,30,460,7,0
0,1,1,139,117,500,30,10,2,0
0,1,1,140,126,500,30,460,2,1
0,1,1,141,108,500,7,310,1,0
0,1,1,142,104,500,2,460,1,0
0,1,1,143,171,410,2,410,1,1
0,1,1,144,27,410,365,310,1,1
0,1,1,145,88,490,365,10,30,0
0,1,1,146,42,460,30,10,7,0
0,1,1,147,34,460,7,10,1,0
0,1,1,148,87,490,365,10,7,0
0,1,1,149,76,490,30,310,1,0
0,1,1,150,69,490,7,410,1,0
0,1,1,151,172,410,7,10,30,0
0,1,1,152,132,500,365,10,2,0
0,1,1,153,164,460,365,410,365,0
0,1,1,154,8,310,365,10,2,0
0,1,1,155,157,500,1,490,2,0
0,1,1,156,96,490,365,410,30,1
0,1,1,157,9,310,365,10,7,0
0,1,1,158,174,410,7,310,7,0
0,1,1,159,12,410,2,310,1,0
0,1,1,160,23,410,365,10,1,0
0,1,1,161,118,500,30,10,7,0
0,1,1,162,179,460,1,410,2,0
0,1,1,163,15,410,7,310,1,0
0,1,1,164,141,500,365,410,7,1
0,1,1,165,11,410,2,10,1,0
0,1,1,166,152,500,1,460,1,0
0,1,1,167,7,310,365,10,1,0
0,1,1,168,65,490,7,10,1,0
0,1,1,169,177,500,365,410,365,0
0,1,1,170,167,500,1,310,365,0
0,1,1,171,43,460,30,310,1,0
0,1,1,172,24,410,365,10,2,0
0,1,1,173,155,460,30,310,30,0
0,1,1,174,131,500,365,10,1,0
0,1,1,175,90,490,365,310,2,0
0,1,1,176,70,490,7,410,2,0
0,1,1,177,89,490,365,310,1,1
0,1,1,178,74,490,30,10,2,0
0,1,1,179,178,500,1,410,1,0
1,0,0,0,53,100,365,20,1,0
1,0,0,1,180,50,2,10,365,0
1,0,0,2,155,100,30,20,30,0
1,0,0,3,10,20,365,10,30,0
1,0,0,4,107,500,7,10,2,0
1,0,0,5,17,50,30,10,1,0
1,0,0,6,42,100,30,10,7,0
1,0,0,7,43,100,30,20,1,0
1,0,0,8,6,20,30,10,7,0
1,0,0,9,105,500,2,200,1,0
1,0,0,10,116,500,30,10,1,0
1,0,0,11,9,20,365,10,7,0
1,0,0,12,57,100,365,50,1,0
1,0,0,13,166,50,30,10,30,0
1,0,0,14,162,200,2,50,2,0
1,0,0,15,48,100,30,50,7,0
1,0,0,16,131,500,365,10,1,0
1,0,0,17,165,500,2,20,365,0
1,0,0,18,22,50,30,20,7,0
1,0,0,19,126,500,30,100,2,0
1,0,0,20,8,20,365,10,2,1
1,0,0,21,78,200,30,20,7,0
1,0,0,22,23,50,365,10,1,0
1,0,0,23,40,100,30,10,1,0
1,0,0,24,26,50,365,10,30,0
1,0,0,25,136,500,365,20,2,0
1,0,0,26,168,500,1,10,30,0
1,0,0,27,147,500,365,200,1,0
1,0,0,28,3,20,7,10,2,0
1,0,0,29,132,500,365,10,2,0
1,0,0,30,178,500,1,50,1,0
1,0,0,31,44,100,30,20,2,0
1,0,0,32,134,500,365,10,30,0
1,0,0,33,154,500,7,10,30,0
1,0,0,34,115,500,7,200,2,0
1,0,0,35,12,50,2,20,1,0
1,0,0,36,69,200,7,50,1,0
1,0,0,37,124,500,30,50,7,0
1,0,0,38,142,500,365,50,30,0
1,0,0,39,108,500,7,20,1,0
1,0,0,40,145,500,365,100,7,0
1,0,0,41,49,100,365,10,1,0
1,0,0,42,169,50,30,50,1,1
1,0,0,43,120,500,30,20,2,0
1,0,0,44,171,50,2,50,1,1
1,0,0,45,51,100,365,10,7,0
1,0,0,46,93,200,365,50,1,0
1,0,0,47,153,100,7,100,1,1
1,0,0,48,35,100,7,10,2,0
1,0,0,49,58,100,365,50,2,0
1,0,0,50,144,500,365,100,2,0
1,0,0,51,89,200,365,20,1,0
1,0,0,52,123,500,30,50,2,0
1,0,0,53,83,200,30,100,2,0
1,0,0,54,109,500,7,20,2,0
1,0,0,55,148,500,365,200,2,0
1,0,0,56,67,200,7,20,1,0
1,0,0,57,167,500,1,20,365,0
1,0,0,58,117,500,30,10,2,0
1,0,0,59,32,100,2,20,1,0
1,0,0,60,20,50,30,20,1,0
1,0,0,61,29,50,365,20,7,0
1,0,0,62,90,200,365,20,2,0
1,0,0,63,157,500,1,200,2,0
1,0,0,64,19,50,30,10,7,0
1,0,0,65,5,20,30,10,2,0
1,0,0,66,4,20,30,10,1,0
1,0,0,67,55,100,365,20,7,0
1,0,0,68,138,500,365,20,30,0
1,0,0,69,76,200,30,20,1,0
1,0,0,70,96,200,365,50,30,0
1,0,0,71,74,200,30,10,2,0
1,0,0,72,45,100,30,20,7,0
1,0,0,73,111,500,7,50,2,0
1,0,0,74,77,200,30,20,2,0
1,0,0,75,56,100,365,20,30,0
1,0,0,76,146,500,365,100,30,0
1,0,0,77,16,50,7,20,2,0
1,0,0,78,38,100,7,50,1,0
1,0,0,79,61,200,2,10,1,0
1,0,0,80,50,100,365,10,2,0
1,0,0,81,36,100,7,20,1,0
1,0,0,82,86,200,365,10,2,0
1,0,0,83,72,200,7,100,2,0
1,0,0,84,121,500,30,20,7,0
1,0,0,85,156,20,30,10,30,0
1,0,0,86,94,200,365,50,2,0
1,0,0,87,7,20,365,10,1,1
1,0,0,88,161,500,30,100,30,0
1,0,0,89,46,100,30,50,1,0
1,0,0,90,149,500,365,200,7,0
1,0,0,91,1,20,2,10,1,0
1,0,0,92,33,100,2,50,1,0
1,0,0,93,143,500,365,100,1,0
1,0,0,94,70,200,7,50,2,0
1,0,0,95,170,200,7,20,365,0
1,0,0,96,88,200,365,10,30,0
1,0,0,97,122,500,30,50,1,0
1,0,0,98,92,200,365,20,30,0
1,0,0,99,65,200,7,10,1,0
1,0,0,100,37,100,7,20,2,0
1,0,0,101,163,100,1,50,1,0
1,0,0,102,30,50,365,20,30,0
1,0,0,103,34,100,7,10,1,0
1,0,0,104,137,500,365,20,7,0
1,0,0,105,114,500,7,200,1,0
1,0,0,106,176,20,1,10,7,0
1,0,0,107,47,100,30,50,2,0
1,0,0,108,27,50,365,20,1,1
1,0,0,109,84,200,30,100,7,0
1,0,0,110,133,500,365,10,7,0
1,0,0,111,128,500,30,200,1,0
1,0,0,112,175,100,2,10,2,0
1,0,0,113,174,50,7,20,7,0
1,0,0,114,106,500,7,10,1,0
1,0,0,115,79,200,30,50,1,0
1,0,0,116,75,200,30,10,7,0
1,0,0,117,25,50,365,10,7,0
1,0,0,118,18,50,30,10,2,0
1,0,0,119,152,500,1,100,1,0
1,0,0,120,52,100,365,10,30,0
1,0,0,121,113,500,7,100,2,0
1,0,0,122,80,200,30,50,2,0
1,0,0,123,127,500,30,100,7,0
1,0,0,124,24,50,365,10,2,0
1,0,0,125,62,200,2,20,1,0
1,0,0,126,85,200,365,10,1,0
1,0,0,127,91,200,365,20,7,0
1,0,0,128,172,50,7,10,30,0
1,0,0,129,14,50,7,10,2,0
1,0,0,130,82,200,30,100,1,0
1,0,0,131,179,100,1,50,2,0
1,0,0,132,160,50,1,10,30,0
1,0,0,133,118,500,30,10,7,0
1,0,0,134,119,500,30,20,1,0
1,0,0,135,66,200,7,10,2,0
1,0,0,136,81,200,30,50,7,0
1,0,0,137,151,200,30,100,365,0
1,0,0,138,15,50,7,20,1,0
1,0,0,139,103,500,2,50,1,0
1,0,0,140,102,500,2,20,1,0
1,0,0,141,21,50,30,20,2,0
1,0,0,142,59,100,365,50,7,0
1,0,0,143,159,50,365,50,30,1
1,0,0,144,31,100,2,10,1,0
1,0,0,145,110,500,7,50,1,0
1,0,0,146,60,100,365,50,30,0
1,0,0,147,2,20,7,10,1,0
1,0,0,148,68,200,7,20,2,0
1,0,0,149,64,200,2,100,1,0
1,0,0,150,150,500,365,200,30,0
1,0,0,151,95,200,365,50,7,0
1,0,0,152,100,200,365,100,30,0
1,0,0,153,140,500,365,50,2,0
1,0,0,154,13,50,7,10,1,0
1,0,0,155,164,100,365,50,365,0
1,0,0,156,11,50,2,10,1,0
1,0,0,157,28,50,365,20,2,0
1,0,0,158,139,500,365,50,1,0
1,0,0,159,177,500,365,50,365,0
1,0,0,160,130,500,30,200,7,0
1,0,0,161,129,500,30,200,2,0
1,0,0,162,54,100,365,20,2,0
1,0,0,163,101,500,2,10,1,0
1,0,0,164,71,200,7,100,1,0
1,0,0,165,73,200,30,10,1,0
1,0,0,166,99,200,365,100,7,0
1,0,0,167,112,500,7,100,1,0
1,0,0,168,97,200,365,100,1,0
1,0,0,169,135,500,365,20,1,0
1,0,0,170,98,200,365,100,2,0
1,0,0,171,104,500,2,100,1,0
1,0,0,172,125,500,30,100,1,0
1,0,0,173,63,200,2,50,1,0
1,0,0,174,141,500,365,50,7,0
1,0,0,175,39,100,7,50,2,0
1,0,0,176,87,200,365,10,7,0
1,0,0,177,41,100,30,10,2,0
1,0,0,178,158,100,365,100,1,1
1,0,0,179,173,50,7,20,365,0
2,0,0,0,90,200,365,20,2,1
2,0,0,1,69,200,7,50,1,0
2,0,0,2,142,500,365,50,30,1
2,0,0,3,42,100,30,10,7,0
2,0,0,4,133,500,365,10,7,1
2,0,0,5,170,200,7,20,365,0
2,0,0,6,20,50,30,20,1,1
2,0,0,7,178,500,1,50,1,0
2,0,0,8,131,500,365,10,1,1
2,0,0,9,98,200,365,100,2,1
2,0,0,10,176,20,1,10,7,0
2,0,0,11,50,100,365,10,2,1
2,0,0,12,149,500,365,200,7,1
2,0,0,13,36,100,7,20,1,0
2,0,0,14,87,200,365,10,7,0
2,0,0,15,19,50,30,10,7,0
2,0,0,16,28,50,365,20,2,1
2,0,0,17,11,50,2,10,1,0
2,0,0,18,141,500,365,50,7,0
2,0,0,19,54,100,365,20,2,1
2,0,0,20,12,50,2,20,1,1
2,0,0,21,17,50,30,10,1,0
2,0,0,22,63,200,2,50,1,0
2,0,0,23,139,500,365,50,1,1
2,0,0,24,116,500,30,10,1,0
2,0,0,25,13,50,7,10,1,0
2,0,0,26,25,50,365,10,7,1
2,0,0,27,115,500,7,200,2,0
2,0,0,28,7,20,365,10,1,1
2,0,0,29,57,100,365,50,1,1
2,0,0,30,166,50,30,10,30,0
2,0,0,31,180,50,2,10,365,0
2,0,0,32,40,100,30,10,1,0
2,0,0,33,6,20,30,10,7,0
2,0,0,34,118,500,30,10,7,0
2,0,0,35,123,500,30,50,2,0
2,0,0,36,157,500,1,200,2,0
2,0,0,37,167,500,1,20,365,0
2,0,0,38,59,100,365,50,7,1
2,0,0,39,9,20,365,10,7,1
2,0,0,40,18,50,30,10,2,0
2,0,0,41,96,200,365,50,30,1
2,0,0,42,108,500,7,20,1,0
2,0,0,43,93,200,365,50,1,1
2,0,0,44,8,20,365,10,2,1
2,0,0,45,128,500,30,200,1,0
2,0,0,46,39,100,7,50,2,0
2,0,0,47,169,50,30,50,1,1
2,0,0,48,5,20,30,10,2,0
2,0,0,49,74,200,30,10,2,0
2,0,0,50,77,200,30,20,2,0
2,0,0,51,158,100,365,100,1,1
2,0,0,52,122,500,30,50,1,0
2,0,0,53,173,50,7,20,365,0
2,0,0,54,37,100,7,20,2,0
2,0,0,55,45,100,30,20,7,0
2,0,0,56,80,200,30,50,2,0
2,0,0,57,60,100,365,50,30,1
2,0,0,58,136,500,365,20,2,1
2,0,0,59,159,50,365,50,30,1
2,0,0,60,101,500,2,10,1,0
2,0,0,61,172,50,7,10,30,0
2,0,0,62,62,200,2,20,1,0
2,0,0,63,29,50,365,20,7,1
2,0,0,64,65,200,7,10,1,0
2,0,0,65,43,100,30,20,1,0
2,0,0,66,175,100,2,10,2,0
2,0,0,67,132,500,365,10,2,0
2,0,0,68,47,100,30,50,2,0
2,0,0,69,94,200,365,50,2,0
2,0,0,70,1,20,2,10,1,0
2,0,0,71,41,100,30,10,2,0
2,0,0,72,53,100,365,20,1,1
2,0,0,73,92,200,365,20,30,0
2,0,0,74,22,50,30,20,7,0
2,0,0,75,86,200,365,10,2,0
2,0,0,76,31,100,2,10,1,0
2,0,0,77,119,500,30,20,1,0
2,0,0,78,147,500,365,200,1,0
2,0,0,79,121,500,30,20,7,0
2,0,0,80,148,500,365,200,2,1
2,0,0,81,146,500,365,100,30,0
2,0,0,82,32,100,2,20,1,0
2,0,0,83,95,200,365,50,7,0
2,0,0,84,129,500,30,200,2,0
2,0,0,85,38,100,7,50,1,0
2,0,0,86,24,50,365,10,2,1
2,0,0,87,140,500,365,50,2,0
2,0,0,88,58,100,365,50,2,0
2,0,0,89,68,200,7,20,2,0
2,0,0,90,105,500,2,200,1,0
2,0,0,91,10,20,365,10,30,1
2,0,0,92,124,500,30,50,7,0
2,0,0,93,113,500,7,100,2,0
2,0,0,94,102,500,2,20,1,0
2,0,0,95,156,20,30,10,30,0
2,0,0,96,145,500,365,100,7,0
2,0,0,97,82,200,30,100,1,0
2,0,0,98,14,50,7,10,2,0
2,0,0,99,154,500,7,10,30,0
2,0,0,100,73,200,30,10,1,0
2,0,0,101,100,200,365,100,30,1
2,0,0,102,153,100,7,100,1,1
2,0,0,103,135,500,365,20,1,0
2,0,0,104,70,200,7,50,2,0
2,0,0,105,125,500,30,100,1,0
2,0,0,106,114,500,7,200,1,0
2,0,0,107,168,500,1,10,30,0
2,0,0,108,30,50,365,20,30,1
2,0,0,109,163,100,1,50,1,0
2,0,0,110,164,100,365,50,365,0
2,0,0,111,126,500,30,100,2,0
2,0,0,112,127,500,30,100,7,0
2,0,0,113,161,500,30,100,30,0
2,0,0,114,84,200,30,100,7,0
2,0,0,115,76,200,30,20,1,0
2,0,0,116,155,100,30,20,30,0
2,0,0,117,134,500,365,10,30,0
2,0,0,118,89,200,365,20,1,0
2,0,0,119,99,200,365,100,7,1
2,0,0,120,160,50,1,10,30,1
2,0,0,121,111,500,7,50,2,0
2,0,0,122,15,50,7,20,1,0
2,0,0,123,83,200,30,100,2,0
2,0,0,124,120,500,30,20,2,0
2,0,0,125,88,200,365,10,30,0
2,0,0,126,4,20,30,10,1,0
2,0,0,127,78,200,30,20,7,0
2,0,0,128,75,200,30,10,7,0
2,0,0,129,26,50,365,10,30,1
2,0,0,130,109,500,7,20,2,0
2,0,0,131,49,100,365,10,1,0
2,0,0,132,143,500,365,100,1,0
2,0,0,133,46,100,30,50,1,0
2,0,0,134,27,50,365,20,1,1
2,0,0,135,34,100,7,10,1,0
2,0,0,136,110,500,7,50,1,0
2,0,0,137,55,100,365,20,7,0
2,0,0,138,35,100,7,10,2,0
2,0,0,139,112,500,7,100,1,0
2,0,0,140,51,100,365,10,7,0
2,0,0,141,52,100,365,10,30,0
2,0,0,142,81,200,30,50,7,0
2,0,0,143,138,500,365,20,30,0
2,0,0,144,21,50,30,20,2,0
2,0,0,145,152,500,1,100,1,0
2,0,0,146,137,500,365,20,7,0
2,0,0,147,91,200,365,20,7,0
2,0,0,148,44,100,30,20,2,0
2,0,0,149,85,200,365,10,1,0
2,0,0,150,23,50,365,10,1,1
2,0,0,151,165,500,2,20,365,0
2,0,0,152,174,50,7,20,7,0
2,0,0,153,79,200,30,50,1,0
2,0,0,154,171,50,2,50,1,1
2,0,0,155,179,100,1,50,2,0
2,0,0,156,162,200,2,50,2,0
2,0,0,157,56,100,365,20,30,0
2,0,0,158,117,500,30,10,2,0
2,0,0,159,106,500,7,10,1,0
2,0,0,160,103,500,2,50,1,0
2,0,0,161,61,200,2,10,1,0
2,0,0,162,64,200,2,100,1,0
2,0,0,163,177,500,365,50,365,0
2,0,0,164,97,200,365,100,1,0
2,0,0,165,16,50,7,20,2,0
2,0,0,166,3,20,7,10,2,0
2,0,0,167,67,200,7,20,1,0
2,0,0,168,71,200,7,100,1,0
2,0,0,169,107,500,7,10,2,0
2,0,0,170,130,500,30,200,7,0
2,0,0,171,151,200,30,100,365,0
2,0,0,172,150,500,365,200,30,1
2,0,0,173,66,200,7,10,2,0
2,0,0,174,72,200,7,100,2,0
2,0,0,175,33,100,2,50,1,0
2,0,0,176,48,100,30,50,7,0
2,0,0,177,104,500,2,100,1,0
2,0,0,178,2,20,7,10,1,0
2,0,0,179,144,500,365,100,2,0
3,2,0,0,31,100,2,10,1,0
3,2,0,1,49,100,365,10,1,0
3,2,0,2,148,500,365,200,2,1
3,2,0,3,167,500,1,20,365,0
3,2,0,4,139,500,365,50,1,1
3,2,0,5,44,100,30,20,2,0
3,2,0,6,56,100,365,20,30,1
3,2,0,7,90,200,365,20,2,1
3,2,0,8,136,500,365,20,2,1
3,2,0,9,1,20,2,10,1,0
3,2,0,10,165,500,2,20,365,0
3,2,0,11,54,100,365,20,2,1
3,2,0,12,83,200,30,100,2,0
3,2,0,13,151,200,30,100,365,0
3,2,0,14,93,200,365,50,1,1
3,2,0,15,75,200,30,10,7,0
3,2,0,16,4,20,30,10,1,0
3,2,0,17,64,200,2,100,1,0
3,2,0,18,171,50,2,50,1,1
3,2,0,19,95,200,365,50,7,1
3,2,0,20,144,500,365,100,2,1
3,2,0,21,2,20,7,10,1,0
3,2,0,22,7,20,365,10,1,1
3,2,0,23,84,200,30,100,7,0
3,2,0,24,154,500,7,10,30,0
3,2,0,25,156,20,30,10,30,0
3,2,0,26,98,200,365,100,2,1
3,2,0,27,26,50,365,10,30,1
3,2,0,28,111,500,7,50,2,0
3,2,0,29,112,500,7,100,1,0
3,2,0,30,97,200,365,100,1,0
3,2,0,31,100,200,365,100,30,0
3,2,0,32,108,500,7,20,1,0
3,2,0,33,65,200,7,10,1,0
3,2,0,34,124,500,30,50,7,0
3,2,0,35,53,100,365,20,1,0
3,2,0,36,17,50,30,10,1,0
3,2,0,37,127,500,30,100,7,0
3,2,0,38,78,200,30,20,7,0
3,2,0,39,150,500,365,200,30,0
3,2,0,40,66,200,7,10,2,0
3,2,0,41,42,100,30,10,7,0
3,2,0,42,149,500,365,200,7,0
3,2,0,43,60,100,365,50,30,0
3,2,0,44,152,500,1,100,1,0
3,2,0,45,14,50,7,10,2,0
3,2,0,46,133,500,365,10,7,0
3,2,0,47,119,500,30,20,1,0
3,2,0,48,168,500,1,10,30,0
3,2,0,49,33,100,2,50,1,0
3,2,0,50,153,100,7,100,1,1
3,2,0,51,114,500,7,200,1,0
3,2,0,52,123,500,30,50,2,0
3,2,0,53,34,100,7,10,1,0
3,2,0,54,57,100,365,50,1,0
3,2,0,55,76,200,30,20,1,0
3,2,0,56,62,200,2,20,1,0
3,2,0,57,6,20,30,10,7,0
3,2,0,58,92,200,365,20,30,0
3,2,0,59,46,100,30,50,1,0
3,2,0,60,128,500,30,200,1,0
3,2,0,61,29,50,365,20,7,0
3,2,0,62,163,100,1,50,1,0
3,2,0,63,115,500,7,200,2,0
3,2,0,64,178,500,1,50,1,0
3,2,0,65,68,200,7,20,2,0
3,2,0,66,158,100,365,100,1,1
3,2,0,67,105,500,2,200,1,0
3,2,0,68,157,500,1,200,2,0
3,2,0,69,138,500,365,20,30,0
3,2,0,70,24,50,365,10,2,0
3,2,0,71,164,100,365,50,365,0
3,2,0,72,135,500,365,20,1,0
3,2,0,73,21,50,30,20,2,0
3,2,0,74,169,50,30,50,1,1
3,2,0,75,88,200,365,10,30,0
3,2,0,76,142,500,365,50,30,0
3,2,0,77,39,100,7,50,2,0
3,2,0,78,16,50,7,20,2,0
3,2,0,79,118,500,30,10,7,0
3,2,0,80,145,500,365,100,7,0
3,2,0,81,3,20,7,10,2,0
3,2,0,82,134,500,365,10,30,0
3,2,0,83,87,200,365,10,7,0
3,2,0,84,137,500,365,20,7,0
3,2,0,85,121,500,30,20,7,0
3,2,0,86,174,50,7,20,7,0
3,2,0,87,126,500,30,100,2,0
3,2,0,88,80,200,30,50,2,0
3,2,0,89,179,100,1,50,2,0
3,2,0,90,47,100,30,50,2,0
3,2,0,91,159,50,365,50,30,1
3,2,0,92,73,200,30,10,1,0
3,2,0,93,180,50,2,10,365,0
3,2,0,94,99,200,365,100,7,0
3,2,0,95,10,20,365,10,30,0
3,2,0,96,81,200,30,50,7,0
3,2,0,97,101,500,2,10,1,0
3,2,0,98,129,500,30,200,2,0
3,2,0,99,143,500,365,100,1,0
3,2,0,100,140,500,365,50,2,0
3,2,0,101,147,500,365,200,1,0
3,2,0,102,160,50,1,10,30,0
3,2,0,103,173,50,7,20,365,0
3,2,0,104,63,200,2,50,1,0
3,2,0,105,11,50,2,10,1,0
3,2,0,106,85,200,365,10,1,0
3,2,0,107,162,200,2,50,2,0
3,2,0,108,155,100,30,20,30,0
3,2,0,109,74,200,30,10,2,0
3,2,0,110,43,100,30,20,1,0
3,2,0,111,103,500,2,50,1,0
3,2,0,112,50,100,365,10,2,0
3,2,0,113,104,500,2,100,1,0
3,2,0,114,18,50,30,10,2,0
3,2,0,115,91,200,365,20,7,0
3,2,0,116,106,500,7,10,1,0
3,2,0,117,36,100,7,20,1,0
3,2,0,118,35,100,7,10,2,0
3,2,0,119,131,500,365,10,1,0
3,2,0,120,27,50,365,20,1,0
3,2,0,121,51,100,365,10,7,0
3,2,0,122,69,200,7,50,1,0
3,2,0,123,146,500,365,100,30,0
3,2,0,124,41,100,30,10,2,0
3,2,0,125,59,100,365,50,7,1
3,2,0,126,122,500,30,50,1,0
3,2,0,127,110,500,7,50,1,0
3,2,0,128,132,500,365,10,2,0
3,2,0,129,55,100,365,20,7,0
3,2,0,130,15,50,7,20,1,0
3,2,0,131,109,500,7,20,2,0
3,2,0,132,67,200,7,20,1,0
3,2,0,133,19,50,30,10,7,0
3,2,0,134,71,200,7,100,1,1
3,2,0,135,8,20,365,10,2,1
3,2,0,136,23,50,365,10,1,1
3,2,0,137,172,50,7,10,30,0
3,2,0,138,5,20,30,10,2,0
3,2,0,139,117,500,30,10,2,0
3,2,0,140,79,200,30,50,1,0
3,2,0,141,40,100,30,10,1,0
3,2,0,142,45,100,30,20,7,0
3,2,0,143,175,100,2,10,2,0
3,2,0,144,70,200,7,50,2,0
3,2,0,145,9,20,365,10,7,0
3,2,0,146,12,50,2,20,1,0
3,2,0,147,102,500,2,20,1,0
3,2,0,148,141,500,365,50,7,0
3,2,0,149,13,50,7,10,1,0
3,2,0,150,82,200,30,100,1,0
3,2,0,151,107,500,7,10,2,0
3,2,0,152,120,500,30,20,2,0
3,2,0,153,176,20,1,10,7,0
3,2,0,154,125,500,30,100,1,0
3,2,0,155,113,500,7,100,2,0
3,2,0,156,30,50,365,20,30,1
3,2,0,157,170,200,7,20,365,0
3,2,0,158,28,50,365,20,2,0
3,2,0,159,96,200,365,50,30,0
3,2,0,160,77,200,30,20,2,0
3,2,0,161,94,200,365,50,2,0
3,2,0,162,20,50,30,20,1,0
3,2,0,163,38,100,7,50,1,0
3,2,0,164,22,50,30,20,7,0
3,2,0,165,32,100,2,20,1,0
3,2,0,166,89,200,365,20,1,0
3,2,0,167,58,100,365,50,2,0
3,2,0,168,37,100,7,20,2,0
3,2,0,169,52,100,365,10,30,0
3,2,0,170,72,200,7,100,2,1
3,2,0,171,48,100,30,50,7,0
3,2,0,172,161,500,30,100,30,0
3,2,0,173,166,50,30,10,30,0
3,2,0,174,25,50,365,10,7,1
3,2,0,175,116,500,30,10,1,0
3,2,0,176,61,200,2,10,1,0
3,2,0,177,130,500,30,200,7,0
3,2,0,178,86,200,365,10,2,0
3,2,0,179,177,500,365,50,365,0
4,4,0,0,149,500,365,200,7,1
4,4,0,1,141,500,365,50,7,1
4,4,0,2,124,500,30,50,7,0
4,4,0,3,77,200,30,20,2,0
4,4,0,4,20,50,30,20,1,0
4,4,0,5,27,50,365,20,1,1
4,4,0,6,127,500,30,100,7,0
4,4,0,7,47,100,30,50,2,0
4,4,0,8,54,100,365,20,2,1
4,4,0,9,131,500,365,10,1,0
4,4,0,10,25,50,365,10,7,1
4,4,0,11,58,100,365,50,2,1
4,4,0,12,94,200,365,50,2,1
4,4,0,13,35,100,7,10,2,0
4,4,0,14,75,200,30,10,7,0
4,4,0,15,69,200,7,50,1,0
4,4,0,16,82,200,30,100,1,0
4,4,0,17,132,500,365,10,2,0
4,4,0,18,85,200,365,10,1,0
4,4,0,19,142,500,365,50,30,0
4,4,0,20,93,200,365,50,1,0
4,4,0,21,167,500,1,20,365,0
4,4,0,22,168,500,1,10,30,0
4,4,0,23,139,500,365,50,1,0
4,4,0,24,33,100,2,50,1,0
4,4,0,25,130,500,30,200,7,0
4,4,0,26,143,500,365,100,1,0
4,4,0,27,103,500,2,50,1,0
4,4,0,28,80,200,30,50,2,0
4,4,0,29,68,200,7,20,2,0
4,4,0,30,26,50,365,10,30,1
4,4,0,31,44,100,30,20,2,0
4,4,0,32,70,200,7,50,2,0
4,4,0,33,5,20,30,10,2,1
4,4,0,34,45,100,30,20,7,0
4,4,0,35,164,100,365,50,365,0
4,4,0,36,177,500,365,50,365,0
4,4,0,37,154,500,7,10,30,0
4,4,0,38,15,50,7,20,1,0
4,4,0,39,66,200,7,10,2,0
4,4,0,40,99,200,365,100,7,1
4,4,0,41,104,500,2,100,1,0
4,4,0,42,120,500,30,20,2,0
4,4,0,43,67,200,7,20,1,0
4,4,0,44,49,100,365,10,1,0
4,4,0,45,32,100,2,20,1,0
4,4,0,46,74,200,30,10,2,0
4,4,0,47,78,200,30,20,7,0
4,4,0,48,18,50,30,10,2,0
4,4,0,49,138,500,365,20,30,0
4,4,0,50,56,100,365,20,30,1
4,4,0,51,162,200,2,50,2,0
4,4,0,52,73,200,30,10,1,0
4,4,0,53,81,200,30,50,7,0
4,4,0,54,16,50,7,20,2,0
4,4,0,55,36,100,7,20,1,0
4,4,0,56,91,200,365,20,7,0
4,4,0,57,40,100,30,10,1,0
4,4,0,58,48,100,30,50,7,0
4,4,0,59,180,50,2,10,365,0
4,4,0,60,125,500,30,100,1,0
4,4,0,61,145,500,365,100,7,0
4,4,0,62,163,100,1,50,1,0
4,4,0,63,106,500,7,10,1,0
4,4,0,64,126,500,30,100,2,0
4,4,0,65,2,20,7,10,1,0
4,4,0,66,72,200,7,100,2,0
4,4,0,67,112,500,7,100,1,0
4,4,0,68,107,500,7,10,2,0
4,4,0,69,109,500,7,20,2,0
4,4,0,70,146,500,365,100,30,0
4,4,0,71,105,500,2,200,1,0
4,4,0,72,39,100,7,50,2,0
4,4,0,73,4,20,30,10,1,1
4,4,0,74,8,20,365,10,2,1
4,4,0,75,151,200,30,100,365,0
4,4,0,76,84,200,30,100,7,0
4,4,0,77,61,200,2,10,1,0
4,4,0,78,43,100,30,20,1,0
4,4,0,79,6,20,30,10,7,0
4,4,0,80,41,100,30,10,2,0
4,4,0,81,1,20,2,10,1,0
4,4,0,82,50,100,365,10,2,0
4,4,0,83,153,100,7,100,1,1
4,4,0,84,148,500,365,200,2,1
4,4,0,85,147,500,365,200,1,1
4,4,0,86,19,50,30,10,7,0
4,4,0,87,53,100,365,20,1,1
4,4,0,88,13,50,7,10,1,0
4,4,0,89,12,50,2,20,1,0
4,4,0,90,22,50,30,20,7,0
4,4,0,91,137,500,365,20,7,0
4,4,0,92,98,200,365,100,2,1
4,4,0,93,55,100,365,20,7,0
4,4,0,94,11,50,2,10,1,0
4,4,0,95,62,200,2,20,1,0
4,4,0,96,175,100,2,10,2,0
4,4,0,97,23,50,365,10,1,1
4,4,0,98,79,200,30,50,1,0
4,4,0,99,179,100,1,50,2,0
4,4,0,100,156,20,30,10,30,0
4,4,0,101,121,500,30,20,7,0
4,4,0,102,158,100,365,100,1,1
4,4,0,103,140,500,365,50,2,0
4,4,0,104,178,500,1,50,1,0
4,4,0,105,128,500,30,200,1,0
4,4,0,106,42,100,30,10,7,0
4,4,0,107,133,500,365,10,7,0
4,4,0,108,129,500,30,200,2,0
4,4,0,109,71,200,7,100,1,0
4,4,0,110,46,100,30,50,1,0
4,4,0,111,136,500,365,20,2,0
4,4,0,112,134,500,365,10,30,0
4,4,0,113,95,200,365,50,7,0
4,4,0,114,88,200,365,10,30,0
4,4,0,115,169,50,30,50,1,1
4,4,0,116,152,500,1,100,1,1
4,4,0,117,115,500,7,200,2,0
4,4,0,118,60,100,365,50,30,1
4,4,0,119,64,200,2,100,1,0
4,4,0,120,159,50,365,50,30,1
4,4,0,121,170,200,7,20,365,0
4,4,0,122,21,50,30,20,2,0
4,4,0,123,166,50,30,10,30,0
4,4,0,124,118,500,30,10,7,0
4,4,0,125,165,500,2,20,365,0
4,4,0,126,96,200,365,50,30,0
4,4,0,127,144,500,365,100,2,0
4,4,0,128,123,500,30,50,2,0
4,4,0,129,86,200,365,10,2,0
4,4,0,130,10,20,365,10,30,1
4,4,0,131,173,50,7,20,365,0
4,4,0,132,24,50,365,10,2,1
4,4,0,133,122,500,30,50,1,0
4,4,0,134,63,200,2,50,1,0
4,4,0,135,97,200,365,100,1,1
4,4,0,136,76,200,30,20,1,0
4,4,0,137,135,500,365,20,1,0
4,4,0,138,87,200,365,10,7,0
4,4,0,139,116,500,30,10,1,0
4,4,0,140,17,50,30,10,1,0
4,4,0,141,51,100,365,10,7,0
4,4,0,142,113,500,7,100,2,0
4,4,0,143,160,50,1,10,30,0
4,4,0,144,31,100,2,10,1,0
4,4,0,145,155,100,30,20,30,0
4,4,0,146,161,500,30,100,30,0
4,4,0,147,29,50,365,20,7,1
4,4,0,148,65,200,7,10,1,0
4,4,0,149,14,50,7,10,2,0
4,4,0,150,57,100,365,50,1,0
4,4,0,151,59,100,365,50,7,1
4,4,0,152,92,200,365,20,30,0
4,4,0,153,3,20,7,10,2,0
4,4,0,154,34,100,7,10,1,0
4,4,0,155,110,500,7,50,1,0
4,4,0,156,89,200,365,20,1,0
4,4,0,157,119,500,30,20,1,0
4,4,0,158,28,50,365,20,2,1
4,4,0,159,52,100,365,10,30,0
4,4,0,160,30,50,365,20,30,1
4,4,0,161,108,500,7,20,1,0
4,4,0,162,7,20,365,10,1,1
4,4,0,163,83,200,30,100,2,1
4,4,0,164,102,500,2,20,1,0
4,4,0,165,90,200,365,20,2,0
4,4,0,166,171,50,2,50,1,1
4,4,0,167,150,500,365,200,30,0
4,4,0,168,157,500,1,200,2,0
4,4,0,169,38,100,7,50,1,0
4,4,0,170,101,500,2,10,1,0
4,4,0,171,117,500,30,10,2,0
4,4,0,172,111,500,7,50,2,0
4,4,0,173,174,50,7,20,7,0
4,4,0,174,176,20,1,10,7,0
4,4,0,175,172,50,7,10,30,0
4,4,0,176,37,100,7,20,2,0
4,4,0,177,114,500,7,200,1,0
4,4,0,178,100,200,365,100,30,1
4,4,0,179,9,20,365,10,7,1
5,6,0,0,30,50,365,20,30,1
5,6,0,1,102,500,2,20,1,0
5,6,0,2,35,100,7,10,2,0
5,6,0,3,170,200,7,20,365,0
5,6,0,4,118,500,30,10,7,0
5,6,0,5,88,200,365,10,30,0
5,6,0,6,33,100,2,50,1,1
5,6,0,7,42,100,30,10,7,0
5,6,0,8,40,100,30,10,1,1
5,6,0,9,19,50,30,10,7,1
5,6,0,10,2,20,7,10,1,1
5,6,0,11,164,100,365,50,365,0
5,6,0,12,116,500,30,10,1,0
5,6,0,13,15,50,7,20,1,1
5,6,0,14,60,100,365,50,30,1
5,6,0,15,120,500,30,20,2,0
5,6,0,16,67,200,7,20,1,0
5,6,0,17,31,100,2,10,1,0
5,6,0,18,64,200,2,100,1,0
5,6,0,19,130,500,30,200,7,1
5,6,0,20,104,500,2,100,1,0
5,6,0,21,168,500,1,10,30,0
5,6,0,22,57,100,365,50,1,1
5,6,0,23,127,500,30,100,7,0
5,6,0,24,87,200,365,10,7,1
5,6,0,25,179,100,1,50,2,0
5,6,0,26,37,100,7,20,2,0
5,6,0,27,56,100,365,20,30,0
5,6,0,28,91,200,365,20,7,1
5,6,0,29,124,500,30,50,7,0
5,6,0,30,107,500,7,10,2,0
5,6,0,31,36,100,7,20,1,0
5,6,0,32,62,200,2,20,1,0
5,6,0,33,99,200,365,100,7,1
5,6,0,34,89,200,365,20,1,1
5,6,0,35,162,200,2,50,2,0
5,6,0,36,45,100,30,20,7,1
5,6,0,37,13,50,7,10,1,1
5,6,0,38,10,20,365,10,30,1
5,6,0,39,68,200,7,20,2,0
5,6,0,40,29,50,365,20,7,1
5,6,0,41,103,500,2,50,1,0
5,6,0,42,172,50,7,10,30,0
5,6,0,43,90,200,365,20,2,1
5,6,0,44,24,50,365,10,2,1
5,6,0,45,121,500,30,20,7,0
5,6,0,46,109,500,7,20,2,1
5,6,0,47,160,50,1,10,30,0
5,6,0,48,142,500,365,50,30,1
5,6,0,49,129,500,30,200,2,0
5,6,0,50,132,500,365,10,2,1
5,6,0,51,25,50,365,10,7,1
5,6,0,52,92,200,365,20,30,1
5,6,0,53,5,20,30,10,2,1
5,6,0,54,150,500,365,200,30,1
5,6,0,55,119,500,30,20,1,0
5,6,0,56,6,20,30,10,7,1
5,6,0,57,93,200,365,50,1,1
5,6,0,58,55,100,365,20,7,1
5,6,0,59,23,50,365,10,1,1
5,6,0,60,14,50,7,10,2,1
5,6,0,61,70,200,7,50,2,0
5,6,0,62,125,500,30,100,1,1
5,6,0,63,152,500,1,100,1,0
5,6,0,64,58,100,365,50,2,1
5,6,0,65,110,500,7,50,1,0
5,6,0,66,79,200,30,50,1,1
5,6,0,67,136,500,365,20,2,1
5,6,0,68,147,500,365,200,1,1
5,6,0,69,20,50,30,20,1,1
5,6,0,70,17,50,30,10,1,0
5,6,0,71,140,500,365,50,2,1
5,6,0,72,105,500,2,200,1,0
5,6,0,73,76,200,30,20,1,1
5,6,0,74,47,100,30,50,2,1
5,6,0,75,51,100,365,10,7,1
5,6,0,76,114,500,7,200,1,1
5,6,0,77,122,500,30,50,1,1
5,6,0,78,77,200,30,20,2,1
5,6,0,79,117,500,30,10,2,1
5,6,0,80,38,100,7,50,1,1
5,6,0,81,54,100,365,20,2,1
5,6,0,82,98,200,365,100,2,1
5,6,0,83,163,100,1,50,1,0
5,6,0,84,59,100,365,50,7,1
5,6,0,85,175,100,2,10,2,0
5,6,0,86,81,200,30,50,7,0
5,6,0,87,53,100,365,20,1,1
5,6,0,88,9,20,365,10,7,1
5,6,0,89,39,100,7,50,2,1
5,6,0,90,12,50,2,20,1,1
5,6,0,91,180,50,2,10,365,0
5,6,0,92,177,500,365,50,365,0
5,6,0,93,165,500,2,20,365,0
5,6,0,94,28,50,365,20,2,1
5,6,0,95,11,50,2,10,1,0
5,6,0,96,161,500,30,100,30,0
5,6,0,97,52,100,365,10,30,1
5,6,0,98,159,50,365,50,30,1
5,6,0,99,166,50,30,10,30,0
5,6,0,100,173,50,7,20,365,0
5,6,0,101,174,50,7,20,7,0
5,6,0,102,74,200,30,10,2,1
5,6,0,103,18,50,30,10,2,1
5,6,0,104,26,50,365,10,30,1
5,6,0,105,108,500,7,20,1,0
5,6,0,106,145,500,365,100,7,1
5,6,0,107,43,100,30,20,1,1
5,6,0,108,131,500,365,10,1,1
5,6,0,109,94,200,365,50,2,1
5,6,0,110,123,500,30,50,2,1
5,6,0,111,139,500,365,50,1,1
5,6,0,112,97,200,365,100,1,1
5,6,0,113,133,500,365,10,7,1
5,6,0,114,82,200,30,100,1,1
5,6,0,115,7,20,365,10,1,1
5,6,0,116,135,500,365,20,1,1
5,6,0,117,63,200,2,50,1,0
5,6,0,118,106,500,7,10,1,0
5,6,0,119,128,500,30,200,1,1
5,6,0,120,101,500,2,10,1,0
5,6,0,121,95,200,365,50,7,1
5,6,0,122,141,500,365,50,7,1
5,6,0,123,50,100,365,10,2,1
5,6,0,124,176,20,1,10,7,0
5,6,0,125,86,200,365,10,2,1
5,6,0,126,41,100,30,10,2,1
5,6,0,127,169,50,30,50,1,1
5,6,0,128,144,500,365,100,2,1
5,6,0,129,126,500,30,100,2,0
5,6,0,130,143,500,365,100,1,1
5,6,0,131,80,200,30,50,2,1
5,6,0,132,158,100,365,100,1,1
5,6,0,133,157,500,1,200,2,0
5,6,0,134,146,500,365,100,30,1
5,6,0,135,69,200,7,50,1,1
5,6,0,136,8,20,365,10,2,1
5,6,0,137,83,200,30,100,2,1
5,6,0,138,71,200,7,100,1,0
5,6,0,139,111,500,7,50,2,0
5,6,0,140,151,200,30,100,365,0
5,6,0,141,178,500,1,50,1,1
5,6,0,142,84,200,30,100,7,1
5,6,0,143,138,500,365,20,30,1
5,6,0,144,4,20,30,10,1,1
5,6,0,145,72,200,7,100,2,1
5,6,0,146,32,100,2,20,1,0
5,6,0,147,154,500,7,10,30,0
5,6,0,148,115,500,7,200,2,0
5,6,0,149,78,200,30,20,7,1
5,6,0,150,21,50,30,20,2,1
5,6,0,151,113,500,7,100,2,1
5,6,0,152,27,50,365,20,1,1
5,6,0,153,153,100,7,100,1,1
5,6,0,154,149,500,365,200,7,1
5,6,0,155,73,200,30,10,1,1
5,6,0,156,65,200,7,10,1,0
5,6,0,157,171,50,2,50,1,1
5,6,0,158,3,20,7,10,2,1
5,6,0,159,48,100,30,50,7,0
5,6,0,160,49,100,365,10,1,1
5,6,0,161,46,100,30,50,1,1
5,6,0,162,112,500,7,100,1,1
5,6,0,163,22,50,30,20,7,1
5,6,0,164,167,500,1,20,365,0
5,6,0,165,96,200,365,50,30,1
5,6,0,166,75,200,30,10,7,1
5,6,0,167,16,50,7,20,2,0
5,6,0,168,85,200,365,10,1,1
5,6,0,169,100,200,365,100,30,1
5,6,0,170,44,100,30,20,2,1
5,6,0,171,148,500,365,200,2,1
5,6,0,172,156,20,30,10,30,0
5,6,0,173,155,100,30,20,30,0
5,6,0,174,134,500,365,10,30,1
5,6,0,175,61,200,2,10,1,0
5,6,0,176,34,100,7,10,1,0
5,6,0,177,137,500,365,20,7,1
5,6,0,178,1,20,2,10,1,0
5,6,0,179,66,200,7,10,2,0
6,8,0,0,178,500,1,50,1,0
6,8,0,1,50,100,365,10,2,0
6,8,0,2,24,50,365,10,2,1
6,8,0,3,61,200,2,10,1,0
6,8,0,4,40,100,30,10,1,0
6,8,0,5,147,500,365,200,1,1
6,8,0,6,37,100,7,20,2,0
6,8,0,7,17,50,30,10,1,1
6,8,0,8,97,200,365,100,1,1
6,8,0,9,70,200,7,50,2,0
6,8,0,10,96,200,365,50,30,1
6,8,0,11,117,500,30,10,2,0
6,8,0,12,100,200,365,100,30,1
6,8,0,13,6,20,30,10,7,1
6,8,0,14,49,100,365,10,1,1
6,8,0,15,59,100,365,50,7,1
6,8,0,16,173,50,7,20,365,0
6,8,0,17,167,500,1,20,365,0
6,8,0,18,179,100,1,50,2,0
6,8,0,19,130,500,30,200,7,0
6,8,0,20,81,200,30,50,7,1
6,8,0,21,104,500,2,100,1,0
6,8,0,22,27,50,365,20,1,1
6,8,0,23,156,20,30,10,30,0
6,8,0,24,126,500,30,100,2,0
6,8,0,25,86,200,365,10,2,0
6,8,0,26,54,100,365,20,2,0
6,8,0,27,119,500,30,20,1,0
6,8,0,28,39,100,7,50,2,0
6,8,0,29,36,100,7,20,1,0
6,8,0,30,67,200,7,20,1,0
6,8,0,31,83,200,30,100,2,1
6,8,0,32,58,100,365,50,2,1
6,8,0,33,174,50,7,20,7,0
6,8,0,34,72,200,7,100,2,0
6,8,0,35,168,500,1,10,30,0
6,8,0,36,114,500,7,200,1,0
6,8,0,37,76,200,30,20,1,0
6,8,0,38,42,100,30,10,7,0
6,8,0,39,91,200,365,20,7,0
6,8,0,40,140,500,365,50,2,0
6,8,0,41,108,500,7,20,1,0
6,8,0,42,109,500,7,20,2,0
6,8,0,43,41,100,30,10,2,0
6,8,0,44,139,500,365,50,1,0
6,8,0,45,118,500,30,10,7,0
6,8,0,46,116,500,30,10,1,0
6,8,0,47,51,100,365,10,7,0
6,8,0,48,141,500,365,50,7,0
6,8,0,49,12,50,2,20,1,0
6,8,0,50,8,20,365,10,2,1
6,8,0,51,145,500,365,100,7,1
6,8,0,52,29,50,365,20,7,1
6,8,0,53,10,20,365,10,30,1
6,8,0,54,22,50,30,20,7,0
6,8,0,55,7,20,365,10,1,1
6,8,0,56,110,500,7,50,1,0
6,8,0,57,77,200,30,20,2,0
6,8,0,58,38,100,7,50,1,0
6,8,0,59,125,500,30,100,1,1
6,8,0,60,128,500,30,200,1,1
6,8,0,61,65,200,7,10,1,0
6,8,0,62,106,500,7,10,1,0
6,8,0,63,164,100,365,50,365,0
6,8,0,64,90,200,365,20,2,0
6,8,0,65,89,200,365,20,1,0
6,8,0,66,134,500,365,10,30,0
6,8,0,67,135,500,365,20,1,0
6,8,0,68,165,500,2,20,365,0
6,8,0,69,53,100,365,20,1,0
6,8,0,70,11,50,2,10,1,0
6,8,0,71,33,100,2,50,1,0
6,8,0,72,45,100,30,20,7,0
6,8,0,73,172,50,7,10,30,0
6,8,0,74,16,50,7,20,2,0
6,8,0,75,26,50,365,10,30,1
6,8,0,76,94,200,365,50,2,0
6,8,0,77,180,50,2,10,365,0
6,8,0,78,102,500,2,20,1,0
6,8,0,79,159,50,365,50,30,1
6,8,0,80,111,500,7,50,2,0
6,8,0,81,95,200,365,50,7,0
6,8,0,82,123,500,30,50,2,0
6,8,0,83,25,50,365,10,7,1
6,8,0,84,105,500,2,200,1,0
6,8,0,85,44,100,30,20,2,0
6,8,0,86,34,100,7,10,1,0
6,8,0,87,60,100,365,50,30,0
6,8,0,88,99,200,365,100,7,1
6,8,0,89,64,200,2,100,1,0
6,8,0,90,48,100,30,50,7,0
6,8,0,91,153,100,7,100,1,1
6,8,0,92,115,500,7,200,2,0
6,8,0,93,18,50,30,10,2,1
6,8,0,94,87,200,365,10,7,0
6,8,0,95,88,200,365,10,30,0
6,8,0,96,171,50,2,50,1,1
6,8,0,97,124,500,30,50,7,0
6,8,0,98,175,100,2,10,2,0
6,8,0,99,162,200,2,50,2,0
6,8,0,100,80,200,30,50,2,0
6,8,0,101,93,200,365,50,1,0
6,8,0,102,75,200,30,10,7,0
6,8,0,103,1,20,2,10,1,0
6,8,0,104,2,20,7,10,1,0
6,8,0,105,170,200,7,20,365,0
6,8,0,106,149,500,365,200,7,0
6,8,0,107,92,200,365,20,30,0
6,8,0,108,136,500,365,20,2,0
6,8,0,109,112,500,7,100,1,0
6,8,0,110,21,50,30,20,2,0
6,8,0,111,79,200,30,50,1,0
6,8,0,112,3,20,7,10,2,0
6,8,0,113,138,500,365,20,30,0
6,8,0,114,143,500,365,100,1,0
6,8,0,115,15,50,7,20,1,0
6,8,0,116,121,500,30,20,7,0
6,8,0,117,163,100,1,50,1,0
6,8,0,118,13,50,7,10,1,0
6,8,0,119,78,200,30,20,7,0
6,8,0,120,155,100,30,20,30,0
6,8,0,121,66,200,7,10,2,0
6,8,0,122,103,500,2,50,1,0
6,8,0,123,98,200,365,100,2,1
6,8,0,124,47,100,30,50,2,0
6,8,0,125,82,200,30,100,1,0
6,8,0,126,32,100,2,20,1,0
6,8,0,127,107,500,7,10,2,0
6,8,0,128,160,50,1,10,30,0
6,8,0,129,52,100,365,10,30,0
6,8,0,130,132,500,365,10,2,0
6,8,0,131,169,50,30,50,1,1
6,8,0,132,62,200,2,20,1,0
6,8,0,133,101,500,2,10,1,0
6,8,0,134,30,50,365,20,30,1
6,8,0,135,35,100,7,10,2,0
6,8,0,136,151,200,30,100,365,0
6,8,0,137,73,200,30,10,1,0
6,8,0,138,152,500,1,100,1,0
6,8,0,139,158,100,365,100,1,1
6,8,0,140,43,100,30,20,1,0
6,8,0,141,69,200,7,50,1,0
6,8,0,142,176,20,1,10,7,0
6,8,0,143,55,100,365,20,7,0
6,8,0,144,137,500,365,20,7,0
6,8,0,145,85,200,365,10,1,0
6,8,0,146,146,500,365,100,30,0
6,8,0,147,74,200,30,10,2,0
6,8,0,148,14,50,7,10,2,0
6,8,0,149,131,500,365,10,1,0
6,8,0,150,157,500,1,200,2,0
6,8,0,151,31,100,2,10,1,0
6,8,0,152,142,500,365,50,30,0
6,8,0,153,177,500,365,50,365,0
6,8,0,154,129,500,30,200,2,0
6,8,0,155,63,200,2,50,1,0
6,8,0,156,127,500,30,100,7,0
6,8,0,157,120,500,30,20,2,0
6,8,0,158,84,200,30,100,7,0
6,8,0,159,150,500,365,200,30,0
6,8,0,160,23,50,365,10,1,1
6,8,0,161,4,20,30,10,1,0
6,8,0,162,68,200,7,20,2,0
6,8,0,163,5,20,30,10,2,1
6,8,0,164,161,500,30,100,30,0
6,8,0,165,144,500,365,100,2,0
6,8,0,166,122,500,30,50,1,0
6,8,0,167,19,50,30,10,7,0
6,8,0,168,113,500,7,100,2,0
6,8,0,169,71,200,7,100,1,0
6,8,0,170,56,100,365,20,30,0
6,8,0,171,133,500,365,10,7,0
6,8,0,172,9,20,365,10,7,1
6,8,0,173,166,50,30,10,30,0
6,8,0,174,46,100,30,50,1,0
6,8,0,175,28,50,365,20,2,1
6,8,0,176,148,500,365,200,2,0
6,8,0,177,20,50,30,20,1,0
6,8,0,178,57,100,365,50,1,1
6,8,0,179,154,500,7,10,30,0
7,3,1,0,77,490,30,310,2,1
7,3,1,1,62,490,2,310,1,0
7,3,1,2,51,460,365,10,7,0
7,3,1,3,80,490,30,410,2,1
7,3,1,4,90,490,365,310,2,1
7,3,1,5,153,460,7,460,1,1
7,3,1,6,121,500,30,310,7,1
7,3,1,7,139,500,365,410,1,1
7,3,1,8,53,460,365,310,1,1
7,3,1,9,6,310,30,10,7,0
7,3,1,10,161,500,30,460,30,0
7,3,1,11,166,410,30,10,30,0
7,3,1,12,101,500,2,10,1,0
7,3,1,13,146,500,365,460,30,1
7,3,1,14,160,410,1,10,30,0
7,3,1,15,112,500,7,460,1,1
7,3,1,16,71,490,7,460,1,1
7,3,1,17,114,500,7,490,1,1
7,3,1,18,157,500,1,490,2,0
7,3,1,19,132,500,365,10,2,0
7,3,1,20,12,410,2,310,1,0
7,3,1,21,74,490,30,10,2,0
7,3,1,22,178,500,1,410,1,0
7,3,1,23,108,500,7,310,1,1
7,3,1,24,103,500,2,410,1,0
7,3,1,25,88,490,365,10,30,0
7,3,1,26,2,310,7,10,1,0
7,3,1,27,125,500,30,460,1,1
7,3,1,28,144,500,365,460,2,1
7,3,1,29,131,500,365,10,1,0
7,3,1,30,50,460,365,10,2,0
7,3,1,31,99,490,365,460,7,1
7,3,1,32,28,410,365,310,2,1
7,3,1,33,66,490,7,10,2,0
7,3,1,34,120,500,30,310,2,1
7,3,1,35,72,490,7,460,2,1
7,3,1,36,46,460,30,410,1,1
7,3,1,37,145,500,365,460,7,1
7,3,1,38,32,460,2,310,1,0
7,3,1,39,35,460,7,10,2,0
7,3,1,40,141,500,365,410,7,1
7,3,1,41,69,490,7,410,1,1
7,3,1,42,60,460,365,410,30,1
7,3,1,43,111,500,7,410,2,1
7,3,1,44,61,490,2,10,1,0
7,3,1,45,42,460,30,10,7,0
7,3,1,46,124,500,30,410,7,1
7,3,1,47,94,490,365,410,2,1
7,3,1,48,85,490,365,10,1,0
7,3,1,49,19,410,30,10,7,0
7,3,1,50,9,310,365,10,7,0
7,3,1,51,126,500,30,460,2,1
7,3,1,52,136,500,365,310,2,1
7,3,1,53,10,310,365,10,30,0
7,3,1,54,64,490,2,460,1,1
7,3,1,55,174,410,7,310,7,0
7,3,1,56,123,500,30,410,2,1
7,3,1,57,27,410,365,310,1,1
7,3,1,58,143,500,365,460,1,1
7,3,1,59,130,500,30,490,7,1
7,3,1,60,3,310,7,10,2,0
7,3,1,61,63,490,2,410,1,1
7,3,1,62,22,410,30,310,7,1
7,3,1,63,73,490,30,10,1,0
7,3,1,64,133,500,365,10,7,0
7,3,1,65,92,490,365,310,30,1
7,3,1,66,155,460,30,310,30,0
7,3,1,67,168,500,1,10,30,0
7,3,1,68,14,410,7,10,2,1
7,3,1,69,82,490,30,460,1,0
7,3,1,70,105,500,2,490,1,1
7,3,1,71,58,460,365,410,2,1
7,3,1,72,84,490,30,460,7,1
7,3,1,73,26,410,365,10,30,0
7,3,1,74,175,460,2,10,2,0
7,3,1,75,98,490,365,460,2,1
7,3,1,76,118,500,30,10,7,0
7,3,1,77,38,460,7,410,1,1
7,3,1,78,1,310,2,10,1,0
7,3,1,79,8,310,365,10,2,0
7,3,1,80,39,460,7,410,2,1
7,3,1,81,47,460,30,410,2,1
7,3,1,82,171,410,2,410,1,1
7,3,1,83,89,490,365,310,1,1
7,3,1,84,170,490,7,310,365,0
7,3,1,85,138,500,365,310,30,1
7,3,1,86,164,460,365,410,365,0
7,3,1,87,41,460,30,10,2,0
7,3,1,88,25,410,365,10,7,0
7,3,1,89,179,460,1,410,2,0
7,3,1,90,31,460,2,10,1,0
7,3,1,91,151,490,30,460,365,0
7,3,1,92,11,410,2,10,1,0
7,3,1,93,13,410,7,10,1,0
7,3,1,94,43,460,30,310,1,0
7,3,1,95,110,500,7,410,1,0
7,3,1,96,162,490,2,410,2,0
7,3,1,97,5,310,30,10,2,0
7,3,1,98,177,500,365,410,365,0
7,3,1,99,55,460,365,310,7,1
7,3,1,100,148,500,365,490,2,1
7,3,1,101,167,500,1,310,365,0
7,3,1,102,68,490,7,310,2,0
7,3,1,103,83,490,30,460,2,1
7,3,1,104,79,490,30,410,1,1
7,3,1,105,20,410,30,310,1,1
7,3,1,106,119,500,30,310,1,1
7,3,1,107,54,460,365,310,2,1
7,3,1,108,87,490,365,10,7,0
7,3,1,109,56,460,365,310,30,1
7,3,1,110,57,460,365,410,1,1
7,3,1,111,137,500,365,310,7,1
7,3,1,112,122,500,30,410,1,1
7,3,1,113,158,460,365,460,1,1
7,3,1,114,154,500,7,10,30,0
7,3,1,115,33,460,2,410,1,0
7,3,1,116,115,500,7,490,2,1
7,3,1,117,4,310,30,10,1,0
7,3,1,118,129,500,30,490,2,1
7,3,1,119,159,410,365,410,30,1
7,3,1,120,23,410,365,10,1,0
7,3,1,121,97,490,365,460,1,1
7,3,1,122,173,410,7,310,365,0
7,3,1,123,147,500,365,490,1,1
7,3,1,124,156,310,30,10,30,0
7,3,1,125,128,500,30,490,1,1
7,3,1,126,44,460,30,310,2,1
7,3,1,127,16,410,7,310,2,0
7,3,1,128,140,500,365,410,2,1
7,3,1,129,102,500,2,310,1,0
7,3,1,130,18,410,30,10,2,0
7,3,1,131,109,500,7,310,2,0
7,3,1,132,127,500,30,460,7,1
7,3,1,133,180,410,2,10,365,0
7,3,1,134,24,410,365,10,2,0
7,3,1,135,52,460,365,10,30,0
7,3,1,136,65,490,7,10,1,0
7,3,1,137,81,490,30,410,7,1
7,3,1,138,49,460,365,10,1,0
7,3,1,139,91,490,365,310,7,1
7,3,1,140,48,460,30,410,7,1
7,3,1,141,176,310,1,10,7,0
7,3,1,142,34,460,7,10,1,0
7,3,1,143,117,500,30,10,2,0
7,3,1,144,40,460,30,10,1,0
7,3,1,145,106,500,7,10,1,0
7,3,1,146,93,490,365,410,1,1
7,3,1,147,30,410,365,310,30,1
7,3,1,148,134,500,365,10,30,0
7,3,1,149,104,500,2,460,1,0
7,3,1,150,21,410,30,310,2,1
7,3,1,151,172,410,7,10,30,0
7,3,1,152,86,490,365,10,2,0
7,3,1,153,37,460,7,310,2,0
7,3,1,154,70,490,7,410,2,1
7,3,1,155,169,410,30,410,1,1
7,3,1,156,100,490,365,460,30,1
7,3,1,157,78,490,30,310,7,1
7,3,1,158,29,410,365,310,7,1
7,3,1,159,107,500,7,10,2,0
7,3,1,160,17,410,30,10,1,0
7,3,1,161,165,500,2,310,365,0
7,3,1,162,142,500,365,410,30,1
7,3,1,163,96,490,365,410,30,1
7,3,1,164,135,500,365,310,1,1
7,3,1,165,116,500,30,10,1,0
7,3,1,166,76,490,30,310,1,1
7,3,1,167,113,500,7,460,2,0
7,3,1,168,7,310,365,10,1,0
7,3,1,169,36,460,7,310,1,0
7,3,1,170,163,460,1,410,1,0
7,3,1,171,150,500,365,490,30,1
7,3,1,172,59,460,365,410,7,1
7,3,1,173,15,410,7,310,1,0
7,3,1,174,45,460,30,310,7,1
7,3,1,175,95,490,365,410,7,1
7,3,1,176,67,490,7,310,1,0
7,3,1,177,149,500,365,490,7,1
7,3,1,178,152,500,1,460,1,0
7,3,1,179,75,490,30,10,7,0
8,7,1,0,130,500,30,490,7,1
8,7,1,1,99,490,365,460,7,1
8,7,1,2,170,490,7,310,365,0
8,7,1,3,48,460,30,410,7,1
8,7,1,4,11,410,2,10,1,0
8,7,1,5,114,500,7,490,1,1
8,7,1,6,24,410,365,10,2,1
8,7,1,7,41,460,30,10,2,0
8,7,1,8,89,490,365,310,1,1
8,7,1,9,62,490,2,310,1,1
8,7,1,10,171,410,2,410,1,1
8,7,1,11,149,500,365,490,7,1
8,7,1,12,121,500,30,310,7,1
8,7,1,13,31,460,2,10,1,0
8,7,1,14,166,410,30,10,30,0
8,7,1,15,163,460,1,410,1,0
8,7,1,16,157,500,1,490,2,0
8,7,1,17,9,310,365,10,7,1
8,7,1,18,29,410,365,310,7,1
8,7,1,19,55,460,365,310,7,1
8,7,1,20,56,460,365,310,30,1
8,7,1,21,1,310,2,10,1,0
8,7,1,22,109,500,7,310,2,1
8,7,1,23,108,500,7,310,1,1
8,7,1,24,128,500,30,490,1,1
8,7,1,25,107,500,7,10,2,0
8,7,1,26,52,460,365,10,30,0
8,7,1,27,154,500,7,10,30,0
8,7,1,28,18,410,30,10,2,0
8,7,1,29,44,460,30,310,2,1
8,7,1,30,155,460,30,310,30,0
8,7,1,31,54,460,365,310,2,1
8,7,1,32,94,490,365,410,2,1
8,7,1,33,88,490,365,10,30,0
8,7,1,34,91,490,365,310,7,1
8,7,1,35,23,410,365,10,1,1
8,7,1,36,34,460,7,10,1,0
8,7,1,37,79,490,30,410,1,1
8,7,1,38,36,460,7,310,1,1
8,7,1,39,179,460,1,410,2,0
8,7,1,40,57,460,365,410,1,1
8,7,1,41,180,410,2,10,365,0
8,7,1,42,151,490,30,460,365,0
8,7,1,43,126,500,30,460,2,1
8,7,1,44,64,490,2,460,1,1
8,7,1,45,146,500,365,460,30,1
8,7,1,46,6,310,30,10,7,0
8,7,1,47,132,500,365,10,2,1
8,7,1,48,124,500,30,410,7,1
8,7,1,49,118,500,30,10,7,0
8,7,1,50,139,500,365,410,1,1
8,7,1,51,49,460,365,10,1,1
8,7,1,52,15,410,7,310,1,1
8,7,1,53,87,490,365,10,7,1
8,7,1,54,115,500,7,490,2,1
8,7,1,55,120,500,30,310,2,1
8,7,1,56,90,490,365,310,2,1
8,7,1,57,95,490,365,410,7,1
8,7,1,58,142,500,365,410,30,1
8,7,1,59,93,490,365,410,1,1
8,7,1,60,72,490,7,460,2,1
8,7,1,61,45,460,30,310,7,1
8,7,1,62,133,500,365,10,7,1
8,7,1,63,147,500,365,490,1,1
8,7,1,64,66,490,7,10,2,0
8,7,1,65,168,500,1,10,30,0
8,7,1,66,100,490,365,460,30,1
8,7,1,67,19,410,30,10,7,0
8,7,1,68,3,310,7,10,2,0
8,7,1,69,46,460,30,410,1,1
8,7,1,70,13,410,7,10,1,0
8,7,1,71,47,460,30,410,2,1
8,7,1,72,122,500,30,410,1,1
8,7,1,73,86,490,365,10,2,1
8,7,1,74,110,500,7,410,1,1
8,7,1,75,129,500,30,490,2,1
8,7,1,76,60,460,365,410,30,1
8,7,1,77,39,460,7,410,2,1
8,7,1,78,160,410,1,10,30,0
8,7,1,79,16,410,7,310,2,1
8,7,1,80,2,310,7,10,1,0
8,7,1,81,172,410,7,10,30,0
8,7,1,82,148,500,365,490,2,1
8,7,1,83,158,460,365,460,1,1
8,7,1,84,63,490,2,410,1,0
8,7,1,85,169,410,30,410,1,1
8,7,1,86,176,310,1,10,7,0
8,7,1,87,103,500,2,410,1,0
8,7,1,88,70,490,7,410,2,1
8,7,1,89,12,410,2,310,1,0
8,7,1,90,159,410,365,410,30,1
8,7,1,91,37,460,7,310,2,0
8,7,1,92,140,500,365,410,2,1
8,7,1,93,153,460,7,460,1,1
8,7,1,94,98,490,365,460,2,1
8,7,1,95,106,500,7,10,1,0
8,7,1,96,123,500,30,410,2,1
8,7,1,97,74,490,30,10,2,0
8,7,1,98,104,500,2,460,1,0
8,7,1,99,105,500,2,490,1,1
8,7,1,100,113,500,7,460,2,1
8,7,1,101,96,490,365,410,30,1
8,7,1,102,28,410,365,310,2,1
8,7,1,103,43,460,30,310,1,1
8,7,1,104,30,410,365,310,30,1
8,7,1,105,80,490,30,410,2,1
8,7,1,106,76,490,30,310,1,1
8,7,1,107,8,310,365,10,2,1
8,7,1,108,20,410,30,310,1,1
8,7,1,109,51,460,365,10,7,1
8,7,1,110,73,490,30,10,1,0
8,7,1,111,138,500,365,310,30,1
8,7,1,112,22,410,30,310,7,1
8,7,1,113,136,500,365,310,2,1
8,7,1,114,152,500,1,460,1,0
8,7,1,115,156,310,30,10,30,0
8,7,1,116,77,490,30,310,2,1
8,7,1,117,32,460,2,310,1,0
8,7,1,118,177,500,365,410,365,0
8,7,1,119,4,310,30,10,1,1
8,7,1,120,67,490,7,310,1,1
8,7,1,121,35,460,7,10,2,0
8,7,1,122,5,310,30,10,2,0
8,7,1,123,82,490,30,460,1,1
8,7,1,124,178,500,1,410,1,0
8,7,1,125,85,490,365,10,1,1
8,7,1,126,17,410,30,10,1,0
8,7,1,127,68,490,7,310,2,1
8,7,1,128,111,500,7,410,2,1
8,7,1,129,174,410,7,310,7,0
8,7,1,130,42,460,30,10,7,0
8,7,1,131,27,410,365,310,1,1
8,7,1,132,38,460,7,410,1,1
8,7,1,133,117,500,30,10,2,0
8,7,1,134,162,490,2,410,2,0
8,7,1,135,69,490,7,410,1,1
8,7,1,136,92,490,365,310,30,1
8,7,1,137,141,500,365,410,7,1
8,7,1,138,97,490,365,460,1,1
8,7,1,139,125,500,30,460,1,1
8,7,1,140,78,490,30,310,7,1
8,7,1,141,102,500,2,310,1,0
8,7,1,142,167,500,1,310,365,0
8,7,1,143,65,490,7,10,1,0
8,7,1,144,112,500,7,460,1,1
8,7,1,145,131,500,365,10,1,1
8,7,1,146,26,410,365,10,30,0
8,7,1,147,164,460,365,410,365,0
8,7,1,148,137,500,365,310,7,1
8,7,1,149,143,500,365,460,1,1
8,7,1,150,25,410,365,10,7,1
8,7,1,151,71,490,7,460,1,1
8,7,1,152,101,500,2,10,1,0
8,7,1,153,127,500,30,460,7,1
8,7,1,154,7,310,365,10,1,1
8,7,1,155,50,460,365,10,2,1
8,7,1,156,84,490,30,460,7,1
8,7,1,157,33,460,2,410,1,0
8,7,1,158,83,490,30,460,2,1
8,7,1,159,53,460,365,310,1,1
8,7,1,160,150,500,365,490,30,1
8,7,1,161,61,490,2,10,1,0
8,7,1,162,14,410,7,10,2,0
8,7,1,163,10,310,365,10,30,0
8,7,1,164,135,500,365,310,1,1
8,7,1,165,119,500,30,310,1,1
8,7,1,166,40,460,30,10,1,0
8,7,1,167,81,490,30,410,7,1
8,7,1,168,116,500,30,10,1,0
8,7,1,169,144,500,365,460,2,1
8,7,1,170,134,500,365,10,30,0
8,7,1,171,75,490,30,10,7,0
8,7,1,172,21,410,30,310,2,1
8,7,1,173,145,500,365,460,7,1
8,7,1,174,161,500,30,460,30,0
8,7,1,175,165,500,2,310,365,0
8,7,1,176,58,460,365,410,2,1
8,7,1,177,175,460,2,10,2,0
8,7,1,178,173,410,7,310,365,0
8,7,1,179,59,460,365,410,7,1
9,5,1,0,58,460,365,410,2,1
9,5,1,1,180,410,2,10,365,0
9,5,1,2,60,460,365,410,30,1
9,5,1,3,168,500,1,10,30,0
9,5,1,4,127,500,30,460,7,0
9,5,1,5,157,500,1,490,2,0
9,5,1,6,105,500,2,490,1,0
9,5,1,7,175,460,2,10,2,0
9,5,1,8,170,490,7,310,365,0
9,5,1,9,150,500,365,490,30,1
9,5,1,10,102,500,2,310,1,0
9,5,1,11,83,490,30,460,2,0
9,5,1,12,101,500,2,10,1,0
9,5,1,13,126,500,30,460,2,0
9,5,1,14,177,500,365,410,365,0
9,5,1,15,1,310,2,10,1,0
9,5,1,16,51,460,365,10,7,0
9,5,1,17,42,460,30,10,7,0
9,5,1,18,50,460,365,10,2,0
9,5,1,19,146,500,365,460,30,1
9,5,1,20,24,410,365,10,2,0
9,5,1,21,90,490,365,310,2,1
9,5,1,22,113,500,7,460,2,0
9,5,1,23,14,410,7,10,2,0
9,5,1,24,137,500,365,310,7,1
9,5,1,25,2,310,7,10,1,0
9,5,1,26,119,500,30,310,1,0
9,5,1,27,124,500,30,410,7,0
9,5,1,28,3,310,7,10,2,0
9,5,1,29,164,460,365,410,365,0
9,5,1,30,86,490,365,10,2,0
9,5,1,31,11,410,2,10,1,0
9,5,1,32,35,460,7,10,2,0
9,5,1,33,143,500,365,460,1,1
9,5,1,34,159,410,365,410,30,1
9,5,1,35,125,500,30,460,1,0
9,5,1,36,6,310,30,10,7,0
9,5,1,37,55,460,365,310,7,1
9,5,1,38,88,490,365,10,30,0
9,5,1,39,81,490,30,410,7,0
9,5,1,40,17,410,30,10,1,0
9,5,1,41,131,500,365,10,1,0
9,5,1,42,169,410,30,410,1,1
9,5,1,43,30,410,365,310,30,1
9,5,1,44,47,460,30,410,2,0
9,5,1,45,28,410,365,310,2,1
9,5,1,46,112,500,7,460,1,0
9,5,1,47,179,460,1,410,2,0
9,5,1,48,140,500,365,410,2,1
9,5,1,49,26,410,365,10,30,0
9,5,1,50,78,490,30,310,7,0
9,5,1,51,163,460,1,410,1,0
9,5,1,52,156,310,30,10,30,0
9,5,1,53,56,460,365,310,30,1
9,5,1,54,178,500,1,410,1,0
9,5,1,55,77,490,30,310,2,0
9,5,1,56,121,500,30,310,7,0
9,5,1,57,100,490,365,460,30,1
9,5,1,58,107,500,7,10,2,0
9,5,1,59,92,490,365,310,30,0
9,5,1,60,64,490,2,460,1,0
9,5,1,61,8,310,365,10,2,0
9,5,1,62,48,460,30,410,7,0
9,5,1,63,155,460,30,310,30,0
9,5,1,64,110,500,7,410,1,0
9,5,1,65,106,500,7,10,1,0
9,5,1,66,34,460,7,10,1,0
9,5,1,67,54,460,365,310,2,1
9,5,1,68,115,500,7,490,2,0
9,5,1,69,161,500,30,460,30,0
9,5,1,70,120,500,30,310,2,0
9,5,1,71,57,460,365,410,1,1
9,5,1,72,36,460,7,310,1,0
9,5,1,73,145,500,365,460,7,1
9,5,1,74,72,490,7,460,2,0
9,5,1,75,128,500,30,490,1,0
9,5,1,76,104,500,2,460,1,0
9,5,1,77,15,410,7,310,1,0
9,5,1,78,171,410,2,410,1,1
9,5,1,79,85,490,365,10,1,0
9,5,1,80,108,500,7,310,1,0
9,5,1,81,93,490,365,410,1,1
9,5,1,82,41,460,30,10,2,0
9,5,1,83,167,500,1,310,365,0
9,5,1,84,32,460,2,310,1,0
9,5,1,85,46,460,30,410,1,0
9,5,1,86,147,500,365,490,1,1
9,5,1,87,133,500,365,10,7,0
9,5,1,88,135,500,365,310,1,1
9,5,1,89,148,500,365,490,2,1
9,5,1,90,33,460,2,410,1,0
9,5,1,91,174,410,7,310,7,0
9,5,1,92,99,490,365,460,7,1
9,5,1,93,91,490,365,310,7,1
9,5,1,94,44,460,30,310,2,0
9,5,1,95,136,500,365,310,2,1
9,5,1,96,139,500,365,410,1,1
9,5,1,97,162,490,2,410,2,0
9,5,1,98,142,500,365,410,30,1
9,5,1,99,141,500,365,410,7,1
9,5,1,100,75,490,30,10,7,0
9,5,1,101,65,490,7,10,1,0
9,5,1,102,63,490,2,410,1,0
9,5,1,103,62,490,2,310,1,0
9,5,1,104,134,500,365,10,30,0
9,5,1,105,45,460,30,310,7,0
9,5,1,106,80,490,30,410,2,0
9,5,1,107,49,460,365,10,1,0
9,5,1,108,123,500,30,410,2,0
9,5,1,109,52,460,365,10,30,0
9,5,1,110,67,490,7,310,1,0
9,5,1,111,13,410,7,10,1,0
9,5,1,112,66,490,7,10,2,0
9,5,1,113,37,460,7,310,2,0
9,5,1,114,25,410,365,10,7,0
9,5,1,115,82,490,30,460,1,0
9,5,1,116,19,410,30,10,7,0
9,5,1,117,18,410,30,10,2,0
9,5,1,118,29,410,365,310,7,1
9,5,1,119,129,500,30,490,2,0
9,5,1,120,89,490,365,310,1,0
9,5,1,121,149,500,365,490,7,1
9,5,1,122,31,460,2,10,1,0
9,5,1,123,4,310,30,10,1,0
9,5,1,124,152,500,1,460,1,0
9,5,1,125,153,460,7,460,1,1
9,5,1,126,9,310,365,10,7,0
9,5,1,127,109,500,7,310,2,0
9,5,1,128,166,410,30,10,30,0
9,5,1,129,114,500,7,490,1,0
9,5,1,130,5,310,30,10,2,0
9,5,1,131,21,410,30,310,2,0
9,5,1,132,118,500,30,10,7,0
9,5,1,133,172,410,7,10,30,0
9,5,1,134,94,490,365,410,2,1
9,5,1,135,70,490,7,410,2,0
9,5,1,136,71,490,7,460,1,0
9,5,1,137,23,410,365,10,1,0
9,5,1,138,68,490,7,310,2,0
9,5,1,139,10,310,365,10,30,0
9,5,1,140,165,500,2,310,365,0
9,5,1,141,38,460,7,410,1,0
9,5,1,142,79,490,30,410,1,0
9,5,1,143,76,490,30,310,1,0
9,5,1,144,53,460,365,310,1,0
9,5,1,145,27,410,365,310,1,0
9,5,1,146,12,410,2,310,1,0
9,5,1,147,130,500,30,490,7,0
9,5,1,148,116,500,30,10,1,0
9,5,1,149,74,490,30,10,2,0
9,5,1,150,176,310,1,10,7,0
9,5,1,151,16,410,7,310,2,0
9,5,1,152,103,500,2,410,1,0
9,5,1,153,111,500,7,410,2,0
9,5,1,154,7,310,365,10,1,0
9,5,1,155,173,410,7,310,365,0
9,5,1,156,151,490,30,460,365,0
9,5,1,157,144,500,365,460,2,1
9,5,1,158,117,500,30,10,2,0
9,5,1,159,43,460,30,310,1,0
9,5,1,160,39,460,7,410,2,0
9,5,1,161,22,410,30,310,7,0
9,5,1,162,138,500,365,310,30,0
9,5,1,163,132,500,365,10,2,0
9,5,1,164,122,500,30,410,1,0
9,5,1,165,73,490,30,10,1,0
9,5,1,166,158,460,365,460,1,1
9,5,1,167,84,490,30,460,7,0
9,5,1,168,98,490,365,460,2,1
9,5,1,169,61,490,2,10,1,0
9,5,1,170,97,490,365,460,1,1
9,5,1,171,160,410,1,10,30,0
9,5,1,172,96,490,365,410,30,1
9,5,1,173,95,490,365,410,7,1
9,5,1,174,59,460,365,410,7,1
9,5,1,175,40,460,30,10,1,0
9,5,1,176,87,490,365,10,7,0
9,5,1,177,20,410,30,310,1,0
9,5,1,178,69,490,7,410,1,0
9,5,1,179,154,500,7,10,30,0
10,10,0,0,142,500,365,50,30,1
10,10,0,1,64,200,2,100,1,1
10,10,0,2,5,20,30,10,2,1
10,10,0,3,143,500,365,100,1,1
10,10,0,4,123,500,30,50,2,0
10,10,0,5,136,500,365,20,2,1
10,10,0,6,99,200,365,100,7,1
10,10,0,7,27,50,365,20,1,1
10,10,0,8,106,500,7,10,1,1
10,10,0,9,40,100,30,10,1,1
10,10,0,10,45,100,30,20,7,0
10,10,0,11,48,100,30,50,7,1
10,10,0,12,79,200,30,50,1,1
10,10,0,13,174,50,7,20,7,0
10,10,0,14,30,50,365,20,30,1
10,10,0,15,161,500,30,100,30,0
10,10,0,16,86,200,365,10,2,1
10,10,0,17,167,500,1,20,365,0
10,10,0,18,77,200,30,20,2,1
10,10,0,19,133,500,365,10,7,1
10,10,0,20,54,100,365,20,2,1
10,10,0,21,74,200,30,10,2,0
10,10,0,22,56,100,365,20,30,1
10,10,0,23,145,500,365,100,7,1
10,10,0,24,70,200,7,50,2,0
10,10,0,25,65,200,7,10,1,0
10,10,0,26,149,500,365,200,7,1
10,10,0,27,104,500,2,100,1,0
10,10,0,28,172,50,7,10,30,0
10,10,0,29,37,100,7,20,2,0
10,10,0,30,89,200,365,20,1,1
10,10,0,31,29,50,365,20,7,1
10,10,0,32,160,50,1,10,30,0
10,10,0,33,46,100,30,50,1,1
10,10,0,34,71,200,7,100,1,1
10,10,0,35,129,500,30,200,2,1
10,10,0,36,139,500,365,50,1,1
10,10,0,37,102,500,2,20,1,0
10,10,0,38,59,100,365,50,7,1
10,10,0,39,116,500,30,10,1,0
10,10,0,40,28,50,365,20,2,1
10,10,0,41,132,500,365,10,2,0
10,10,0,42,3,20,7,10,2,1
10,10,0,43,14,50,7,10,2,0
10,10,0,44,24,50,365,10,2,1
10,10,0,45,13,50,7,10,1,1
10,10,0,46,169,50,30,50,1,1
10,10,0,47,58,100,365,50,2,1
10,10,0,48,67,200,7,20,1,0
10,10,0,49,141,500,365,50,7,0
10,10,0,50,52,100,365,10,30,1
10,10,0,51,83,200,30,100,2,1
10,10,0,52,34,100,7,10,1,0
10,10,0,53,62,200,2,20,1,0
10,10,0,54,63,200,2,50,1,0
10,10,0,55,115,500,7,200,2,1
10,10,0,56,85,200,365,10,1,1
10,10,0,57,120,500,30,20,2,0
10,10,0,58,35,100,7,10,2,0
10,10,0,59,41,100,30,10,2,0
10,10,0,60,152,500,1,100,1,0
10,10,0,61,53,100,365,20,1,1
10,10,0,62,7,20,365,10,1,1
10,10,0,63,177,500,365,50,365,0
10,10,0,64,60,100,365,50,30,1
10,10,0,65,25,50,365,10,7,1
10,10,0,66,108,500,7,20,1,0
10,10,0,67,47,100,30,50,2,1
10,10,0,68,111,500,7,50,2,0
10,10,0,69,31,100,2,10,1,0
10,10,0,70,75,200,30,10,7,0
10,10,0,71,173,50,7,20,365,0
10,10,0,72,150,500,365,200,30,1
10,10,0,73,9,20,365,10,7,1
10,10,0,74,78,200,30,20,7,0
10,10,0,75,81,200,30,50,7,1
10,10,0,76,157,500,1,200,2,0
10,10,0,77,162,200,2,50,2,0
10,10,0,78,20,50,30,20,1,1
10,10,0,79,159,50,365,50,30,1
10,10,0,80,176,20,1,10,7,0
10,10,0,81,43,100,30,20,1,1
10,10,0,82,168,500,1,10,30,0
10,10,0,83,179,100,1,50,2,0
10,10,0,84,166,50,30,10,30,0
10,10,0,85,55,100,365,20,7,1
10,10,0,86,180,50,2,10,365,0
10,10,0,87,121,500,30,20,7,0
10,10,0,88,1,20,2,10,1,1
10,10,0,89,2,20,7,10,1,1
10,10,0,90,109,500,7,20,2,0
10,10,0,91,88,200,365,10,30,0
10,10,0,92,124,500,30,50,7,0
10,10,0,93,122,500,30,50,1,0
10,10,0,94,178,500,1,50,1,0
10,10,0,95,105,500,2,200,1,0
10,10,0,96,15,50,7,20,1,1
10,10,0,97,119,500,30,20,1,1
10,10,0,98,32,100,2,20,1,0
10,10,0,99,92,200,365,20,30,1
10,10,0,100,114,500,7,200,1,1
10,10,0,101,19,50,30,10,7,0
10,10,0,102,154,500,7,10,30,0
10,10,0,103,155,100,30,20,30,0
10,10,0,104,175,100,2,10,2,0
10,10,0,105,16,50,7,20,2,1
10,10,0,106,93,200,365,50,1,1
10,10,0,107,39,100,7,50,2,1
10,10,0,108,144,500,365,100,2,1
10,10,0,109,8,20,365,10,2,1
10,10,0,110,44,100,30,20,2,1
10,10,0,111,151,200,30,100,365,0
10,10,0,112,127,500,30,100,7,0
10,10,0,113,11,50,2,10,1,0
10,10,0,114,66,200,7,10,2,0
10,10,0,115,22,50,30,20,7,1
10,10,0,116,91,200,365,20,7,0
10,10,0,117,80,200,30,50,2,1
10,10,0,118,42,100,30,10,7,0
10,10,0,119,51,100,365,10,7,1
10,10,0,120,95,200,365,50,7,1
10,10,0,121,146,500,365,100,30,1
10,10,0,122,171,50,2,50,1,1
10,10,0,123,57,100,365,50,1,1
10,10,0,124,101,500,2,10,1,0
10,10,0,125,50,100,365,10,2,1
10,10,0,126,33,100,2,50,1,1
10,10,0,127,138,500,365,20,30,0
10,10,0,128,164,100,365,50,365,0
10,10,0,129,110,500,7,50,1,0
10,10,0,130,103,500,2,50,1,0
10,10,0,131,134,500,365,10,30,0
10,10,0,132,17,50,30,10,1,1
10,10,0,133,38,100,7,50,1,0
10,10,0,134,128,500,30,200,1,1
10,10,0,135,49,100,365,10,1,1
10,10,0,136,76,200,30,20,1,1
10,10,0,137,96,200,365,50,30,1
10,10,0,138,112,500,7,100,1,1
10,10,0,139,68,200,7,20,2,0
10,10,0,140,69,200,7,50,1,1
10,10,0,141,117,500,30,10,2,0
10,10,0,142,163,100,1,50,1,0
10,10,0,143,18,50,30,10,2,1
10,10,0,144,23,50,365,10,1,1
10,10,0,145,130,500,30,200,7,1
10,10,0,146,97,200,365,100,1,1
10,10,0,147,125,500,30,100,1,1
10,10,0,148,170,200,7,20,365,0
10,10,0,149,148,500,365,200,2,1
10,10,0,150,135,500,365,20,1,1
10,10,0,151,12,50,2,20,1,0
10,10,0,152,165,500,2,20,365,0
10,10,0,153,131,500,365,10,1,1
10,10,0,154,94,200,365,50,2,1
10,10,0,155,100,200,365,100,30,1
10,10,0,156,72,200,7,100,2,1
10,10,0,157,73,200,30,10,1,1
10,10,0,158,4,20,30,10,1,1
10,10,0,159,153,100,7,100,1,1
10,10,0,160,140,500,365,50,2,1
10,10,0,161,61,200,2,10,1,0
10,10,0,162,21,50,30,20,2,1
10,10,0,163,113,500,7,100,2,0
10,10,0,164,158,100,365,100,1,1
10,10,0,165,126,500,30,100,2,1
10,10,0,166,118,500,30,10,7,0
10,10,0,167,90,200,365,20,2,1
10,10,0,168,82,200,30,100,1,1
10,10,0,169,36,100,7,20,1,1
10,10,0,170,98,200,365,100,2,1
10,10,0,171,137,500,365,20,7,1
10,10,0,172,147,500,365,200,1,1
10,10,0,173,156,20,30,10,30,0
10,10,0,174,26,50,365,10,30,1
10,10,0,175,6,20,30,10,7,1
10,10,0,176,107,500,7,10,2,0
10,10,0,177,84,200,30,100,7,1
10,10,0,178,10,20,365,10,30,1
10,10,0,179,87,200,365,10,7,1
11,9,1,0,177,500,365,410,365,0
11,9,1,1,137,500,365,310,7,1
11,9,1,2,27,410,365,310,1,1
11,9,1,3,77,490,30,310,2,0
11,9,1,4,172,410,7,10,30,0
11,9,1,5,71,490,7,460,1,0
11,9,1,6,90,490,365,310,2,1
11,9,1,7,3,310,7,10,2,0
11,9,1,8,84,490,30,460,7,0
11,9,1,9,169,410,30,410,1,1
11,9,1,10,121,500,30,310,7,0
11,9,1,11,180,410,2,10,365,0
11,9,1,12,133,500,365,10,7,0
11,9,1,13,83,490,30,460,2,0
11,9,1,14,63,490,2,410,1,0
11,9,1,15,70,490,7,410,2,0
11,9,1,16,164,460,365,410,365,0
11,9,1,17,49,460,365,10,1,0
11,9,1,18,55,460,365,310,7,1
11,9,1,19,122,500,30,410,1,0
11,9,1,20,17,410,30,10,1,0
11,9,1,21,57,460,365,410,1,1
11,9,1,22,67,490,7,310,1,0
11,9,1,23,101,500,2,10,1,0
11,9,1,24,75,490,30,10,7,0
11,9,1,25,100,490,365,460,30,0
11,9,1,26,80,490,30,410,2,0
11,9,1,27,14,410,7,10,2,0
11,9,1,28,38,460,7,410,1,0
11,9,1,29,103,500,2,410,1,0
11,9,1,30,167,500,1,310,365,0
11,9,1,31,44,460,30,310,2,0
11,9,1,32,12,410,2,310,1,0
11,9,1,33,174,410,7,310,7,0
11,9,1,34,39,460,7,410,2,0
11,9,1,35,33,460,2,410,1,0
11,9,1,36,150,500,365,490,30,1
11,9,1,37,179,460,1,410,2,0
11,9,1,38,136,500,365,310,2,1
11,9,1,39,141,500,365,410,7,1
11,9,1,40,35,460,7,10,2,0
11,9,1,41,158,460,365,460,1,1
11,9,1,42,28,410,365,310,2,0
11,9,1,43,45,460,30,310,7,0
11,9,1,44,7,310,365,10,1,0
11,9,1,45,24,410,365,10,2,0
11,9,1,46,82,490,30,460,1,1
11,9,1,47,127,500,30,460,7,0
11,9,1,48,76,490,30,310,1,0
11,9,1,49,23,410,365,10,1,0
11,9,1,50,147,500,365,490,1,1
11,9,1,51,54,460,365,310,2,0
11,9,1,52,154,500,7,10,30,0
11,9,1,53,40,460,30,10,1,0
11,9,1,54,36,460,7,310,1,0
11,9,1,55,165,500,2,310,365,0
11,9,1,56,52,460,365,10,30,0
11,9,1,57,115,500,7,490,2,0
11,9,1,58,173,410,7,310,365,0
11,9,1,59,96,490,365,410,30,1
11,9,1,60,16,410,7,310,2,0
11,9,1,61,79,490,30,410,1,0
11,9,1,62,106,500,7,10,1,0
11,9,1,63,159,410,365,410,30,1
11,9,1,64,120,500,30,310,2,0
11,9,1,65,132,500,365,10,2,0
11,9,1,66,140,500,365,410,2,1
11,9,1,67,5,310,30,10,2,0
11,9,1,68,94,490,365,410,2,0
11,9,1,69,125,500,30,460,1,1
11,9,1,70,22,410,30,310,7,0
11,9,1,71,149,500,365,490,7,1
11,9,1,72,19,410,30,10,7,0
11,9,1,73,64,490,2,460,1,0
11,9,1,74,116,500,30,10,1,0
11,9,1,75,6,310,30,10,7,0
11,9,1,76,126,500,30,460,2,1
11,9,1,77,160,410,1,10,30,0
11,9,1,78,107,500,7,10,2,0
11,9,1,79,78,490,30,310,7,0
11,9,1,80,18,410,30,10,2,0
11,9,1,81,20,410,30,310,1,0
11,9,1,82,72,490,7,460,2,0
11,9,1,83,171,410,2,410,1,0
11,9,1,84,48,460,30,410,7,1
11,9,1,85,117,500,30,10,2,0
11,9,1,86,142,500,365,410,30,1
11,9,1,87,113,500,7,460,2,0
11,9,1,88,93,490,365,410,1,1
11,9,1,89,135,500,365,310,1,0
11,9,1,90,4,310,30,10,1,0
11,9,1,91,111,500,7,410,2,0
11,9,1,92,157,500,1,490,2,0
11,9,1,93,58,460,365,410,2,1
11,9,1,94,151,490,30,460,365,0
11,9,1,95,1,310,2,10,1,0
11,9,1,96,73,490,30,10,1,0
11,9,1,97,60,460,365,410,30,1
11,9,1,98,88,490,365,10,30,0
11,9,1,99,21,410,30,310,2,0
11,9,1,100,34,460,7,10,1,0
11,9,1,101,74,490,30,10,2,0
11,9,1,102,26,410,365,10,30,0
11,9,1,103,10,310,365,10,30,0
11,9,1,104,166,410,30,10,30,0
11,9,1,105,46,460,30,410,1,1
11,9,1,106,145,500,365,460,7,1
11,9,1,107,138,500,365,310,30,0
11,9,1,108,114,500,7,490,1,0
11,9,1,109,87,490,365,10,7,0
11,9,1,110,108,500,7,310,1,0
11,9,1,111,124,500,30,410,7,0
11,9,1,112,85,490,365,10,1,0
11,9,1,113,143,500,365,460,1,1
11,9,1,114,176,310,1,10,7,0
11,9,1,115,66,490,7,10,2,0
11,9,1,116,128,500,30,490,1,1
11,9,1,117,170,490,7,310,365,0
11,9,1,118,123,500,30,410,2,0
11,9,1,119,152,500,1,460,1,0
11,9,1,120,163,460,1,410,1,0
11,9,1,121,65,490,7,10,1,0
11,9,1,122,32,460,2,310,1,0
11,9,1,123,98,490,365,460,2,1
11,9,1,124,139,500,365,410,1,1
11,9,1,125,109,500,7,310,2,0
11,9,1,126,161,500,30,460,30,0
11,9,1,127,118,500,30,10,7,0
11,9,1,128,129,500,30,490,2,0
11,9,1,129,29,410,365,310,7,1
11,9,1,130,119,500,30,310,1,0
11,9,1,131,51,460,365,10,7,0
11,9,1,132,50,460,365,10,2,0
11,9,1,133,8,310,365,10,2,0
11,9,1,134,130,500,30,490,7,1
11,9,1,135,92,490,365,310,30,0
11,9,1,136,13,410,7,10,1,0
11,9,1,137,99,490,365,460,7,1
11,9,1,138,105,500,2,490,1,0
11,9,1,139,42,460,30,10,7,0
11,9,1,140,134,500,365,10,30,0
11,9,1,141,53,460,365,310,1,0
11,9,1,142,25,410,365,10,7,0
11,9,1,143,9,310,365,10,7,0
11,9,1,144,43,460,30,310,1,0
11,9,1,145,61,490,2,10,1,0
11,9,1,146,112,500,7,460,1,0
11,9,1,147,178,500,1,410,1,0
11,9,1,148,15,410,7,310,1,0
11,9,1,149,41,460,30,10,2,0
11,9,1,150,131,500,365,10,1,0
11,9,1,151,62,490,2,310,1,0
11,9,1,152,102,500,2,310,1,0
11,9,1,153,2,310,7,10,1,0
11,9,1,154,47,460,30,410,2,0
11,9,1,155,56,460,365,310,30,0
11,9,1,156,168,500,1,10,30,0
11,9,1,157,110,500,7,410,1,0
11,9,1,158,104,500,2,460,1,0
11,9,1,159,97,490,365,460,1,1
11,9,1,160,86,490,365,10,2,0
11,9,1,161,146,500,365,460,30,1
11,9,1,162,37,460,7,310,2,0
11,9,1,163,148,500,365,490,2,1
11,9,1,164,30,410,365,310,30,0
11,9,1,165,91,490,365,310,7,0
11,9,1,166,68,490,7,310,2,0
11,9,1,167,175,460,2,10,2,0
11,9,1,168,95,490,365,410,7,0
11,9,1,169,81,490,30,410,7,0
11,9,1,170,11,410,2,10,1,0
11,9,1,171,162,490,2,410,2,0
11,9,1,172,89,490,365,310,1,0
11,9,1,173,69,490,7,410,1,0
11,9,1,174,59,460,365,410,7,1
11,9,1,175,31,460,2,10,1,0
11,9,1,176,144,500,365,460,2,1
11,9,1,177,153,460,7,460,1,1
11,9,1,178,156,310,30,10,30,0
11,9,1,179,155,460,30,310,30,0
12,12,0,0,146,500,365,100,30,1
12,12,0,1,124,500,30,50,7,0
12,12,0,2,107,500,7,10,2,0
12,12,0,3,128,500,30,200,1,1
12,12,0,4,45,100,30,20,7,0
12,12,0,5,48,100,30,50,7,1
12,12,0,6,97,200,365,100,1,1
12,12,0,7,30,50,365,20,30,1
12,12,0,8,142,500,365,50,30,0
12,12,0,9,46,100,30,50,1,1
12,12,0,10,135,500,365,20,1,0
12,12,0,11,75,200,30,10,7,0
12,12,0,12,52,100,365,10,30,0
12,12,0,13,67,200,7,20,1,0
12,12,0,14,118,500,30,10,7,0
12,12,0,15,36,100,7,20,1,0
12,12,0,16,65,200,7,10,1,0
12,12,0,17,126,500,30,100,2,1
12,12,0,18,104,500,2,100,1,0
12,12,0,19,79,200,30,50,1,0
12,12,0,20,112,500,7,100,1,0
12,12,0,21,4,20,30,10,1,1
12,12,0,22,56,100,365,20,30,1
12,12,0,23,49,100,365,10,1,0
12,12,0,24,93,200,365,50,1,1
12,12,0,25,147,500,365,200,1,1
12,12,0,26,127,500,30,100,7,0
12,12,0,27,109,500,7,20,2,0
12,12,0,28,8,20,365,10,2,1
12,12,0,29,66,200,7,10,2,0
12,12,0,30,10,20,365,10,30,1
12,12,0,31,64,200,2,100,1,0
12,12,0,32,160,50,1,10,30,0
12,12,0,33,155,100,30,20,30,0
12,12,0,34,172,50,7,10,30,0
12,12,0,35,103,500,2,50,1,0
12,12,0,36,35,100,7,10,2,0
12,12,0,37,122,500,30,50,1,0
12,12,0,38,119,500,30,20,1,0
12,12,0,39,159,50,365,50,30,1
12,12,0,40,68,200,7,20,2,0
12,12,0,41,22,50,30,20,7,1
12,12,0,42,102,500,2,20,1,0
12,12,0,43,144,500,365,100,2,1
12,12,0,44,161,500,30,100,30,0
12,12,0,45,91,200,365,20,7,0
12,12,0,46,148,500,365,200,2,1
12,12,0,47,34,100,7,10,1,0
12,12,0,48,110,500,7,50,1,0
12,12,0,49,33,100,2,50,1,0
12,12,0,50,38,100,7,50,1,0
12,12,0,51,133,500,365,10,7,0
12,12,0,52,136,500,365,20,2,0
12,12,0,53,86,200,365,10,2,0
12,12,0,54,101,500,2,10,1,0
12,12,0,55,82,200,30,100,1,1
12,12,0,56,50,100,365,10,2,0
12,12,0,57,72,200,7,100,2,0
12,12,0,58,62,200,2,20,1,0
12,12,0,59,120,500,30,20,2,0
12,12,0,60,117,500,30,10,2,0
12,12,0,61,129,500,30,200,2,1
12,12,0,62,20,50,30,20,1,1
12,12,0,63,37,100,7,20,2,0
12,12,0,64,58,100,365,50,2,1
12,12,0,65,158,100,365,100,1,1
12,12,0,66,153,100,7,100,1,1
12,12,0,67,14,50,7,10,2,0
12,12,0,68,32,100,2,20,1,0
12,12,0,69,47,100,30,50,2,0
12,12,0,70,165,500,2,20,365,0
12,12,0,71,145,500,365,100,7,1
12,12,0,72,179,100,1,50,2,0
12,12,0,73,25,50,365,10,7,1
12,12,0,74,85,200,365,10,1,0
12,12,0,75,111,500,7,50,2,0
12,12,0,76,168,500,1,10,30,0
12,12,0,77,54,100,365,20,2,0
12,12,0,78,154,500,7,10,30,0
12,12,0,79,176,20,1,10,7,0
12,12,0,80,53,100,365,20,1,0
12,12,0,81,17,50,30,10,1,0
12,12,0,82,177,500,365,50,365,0
12,12,0,83,16,50,7,20,2,0
12,12,0,84,169,50,30,50,1,1
12,12,0,85,73,200,30,10,1,0
12,12,0,86,80,200,30,50,2,0
12,12,0,87,29,50,365,20,7,1
12,12,0,88,139,500,365,50,1,0
12,12,0,89,51,100,365,10,7,0
12,12,0,90,19,50,30,10,7,0
12,12,0,91,55,100,365,20,7,0
12,12,0,92,24,50,365,10,2,1
12,12,0,93,105,500,2,200,1,0
12,12,0,94,83,200,30,100,2,1
12,12,0,95,43,100,30,20,1,0
12,12,0,96,94,200,365,50,2,0
12,12,0,97,141,500,365,50,7,0
12,12,0,98,77,200,30,20,2,0
12,12,0,99,31,100,2,10,1,0
12,12,0,100,92,200,365,20,30,0
12,12,0,101,59,100,365,50,7,1
12,12,0,102,42,100,30,10,7,0
12,12,0,103,114,500,7,200,1,0
12,12,0,104,13,50,7,10,1,0
12,12,0,105,157,500,1,200,2,0
12,12,0,106,156,20,30,10,30,0
12,12,0,107,12,50,2,20,1,0
12,12,0,108,137,500,365,20,7,0
12,12,0,109,113,500,7,100,2,0
12,12,0,110,41,100,30,10,2,0
12,12,0,111,63,200,2,50,1,0
12,12,0,112,60,100,365,50,30,1
12,12,0,113,70,200,7,50,2,0
12,12,0,114,7,20,365,10,1,1
12,12,0,115,131,500,365,10,1,0
12,12,0,116,1,20,2,10,1,0
12,12,0,117,5,20,30,10,2,1
12,12,0,118,152,500,1,100,1,0
12,12,0,119,23,50,365,10,1,0
12,12,0,120,61,200,2,10,1,0
12,12,0,121,125,500,30,100,1,0
12,12,0,122,130,500,30,200,7,0
12,12,0,123,89,200,365,20,1,0
12,12,0,124,140,500,365,50,2,0
12,12,0,125,99,200,365,100,7,1
12,12,0,126,180,50,2,10,365,0
12,12,0,127,28,50,365,20,2,0
12,12,0,128,57,100,365,50,1,0
12,12,0,129,162,200,2,50,2,0
12,12,0,130,178,500,1,50,1,0
12,12,0,131,175,100,2,10,2,0
12,12,0,132,115,500,7,200,2,0
12,12,0,133,121,500,30,20,7,0
12,12,0,134,9,20,365,10,7,1
12,12,0,135,18,50,30,10,2,0
12,12,0,136,84,200,30,100,7,0
12,12,0,137,71,200,7,100,1,0
12,12,0,138,167,500,1,20,365,0
12,12,0,139,149,500,365,200,7,0
12,12,0,140,100,200,365,100,30,1
12,12,0,141,164,100,365,50,365,0
12,12,0,142,78,200,30,20,7,0
12,12,0,143,166,50,30,10,30,0
12,12,0,144,98,200,365,100,2,1
12,12,0,145,163,100,1,50,1,0
12,12,0,146,134,500,365,10,30,0
12,12,0,147,6,20,30,10,7,1
12,12,0,148,132,500,365,10,2,0
12,12,0,149,173,50,7,20,365,0
12,12,0,150,26,50,365,10,30,1
12,12,0,151,123,500,30,50,2,0
12,12,0,152,106,500,7,10,1,0
12,12,0,153,87,200,365,10,7,0
12,12,0,154,11,50,2,10,1,0
12,12,0,155,44,100,30,20,2,0
12,12,0,156,3,20,7,10,2,0
12,12,0,157,27,50,365,20,1,1
12,12,0,158,39,100,7,50,2,0
12,12,0,159,171,50,2,50,1,1
12,12,0,160,90,200,365,20,2,0
12,12,0,161,21,50,30,20,2,0
12,12,0,162,174,50,7,20,7,0
12,12,0,163,95,200,365,50,7,0
12,12,0,164,15,50,7,20,1,0
12,12,0,165,116,500,30,10,1,0
12,12,0,166,40,100,30,10,1,0
12,12,0,167,150,500,365,200,30,0
12,12,0,168,96,200,365,50,30,0
12,12,0,169,138,500,365,20,30,0
12,12,0,170,108,500,7,20,1,0
12,12,0,171,2,20,7,10,1,0
12,12,0,172,69,200,7,50,1,0
12,12,0,173,170,200,7,20,365,0
12,12,0,174,81,200,30,50,7,0
12,12,0,175,88,200,365,10,30,0
12,12,0,176,74,200,30,10,2,0
12,12,0,177,76,200,30,20,1,0
12,12,0,178,151,200,30,100,365,0
12,12,0,179,143,500,365,100,1,1
13,11,1,0,169,410,30,410,1,1
13,11,1,1,60,460,365,410,30,0
13,11,1,2,48,460,30,410,7,0
13,11,1,3,1,310,2,10,1,0
13,11,1,4,117,500,30,10,2,0
13,11,1,5,128,500,30,490,1,0
13,11,1,6,94,490,365,410,2,0
13,11,1,7,90,490,365,310,2,0
13,11,1,8,66,490,7,10,2,0
13,11,1,9,118,500,30,10,7,0
13,11,1,10,104,500,2,460,1,0
13,11,1,11,56,460,365,310,30,0
13,11,1,12,162,490,2,410,2,0
13,11,1,13,58,460,365,410,2,0
13,11,1,14,68,490,7,310,2,0
13,11,1,15,88,490,365,10,30,0
13,11,1,16,11,410,2,10,1,0
13,11,1,17,71,490,7,460,1,0
13,11,1,18,103,500,2,410,1,0
13,11,1,19,64,490,2,460,1,0
13,11,1,20,97,490,365,460,1,1
13,11,1,21,176,310,1,10,7,0
13,11,1,22,37,460,7,310,2,0
13,11,1,23,70,490,7,410,2,0
13,11,1,24,30,410,365,310,30,0
13,11,1,25,29,410,365,310,7,0
13,11,1,26,52,460,365,10,30,0
13,11,1,27,65,490,7,10,1,0
13,11,1,28,76,490,30,310,1,0
13,11,1,29,107,500,7,10,2,0
13,11,1,30,173,410,7,310,365,0
13,11,1,31,180,410,2,10,365,0
13,11,1,32,134,500,365,10,30,0
13,11,1,33,116,500,30,10,1,0
13,11,1,34,178,500,1,410,1,0
13,11,1,35,45,460,30,310,7,0
13,11,1,36,124,500,30,410,7,0
13,11,1,37,123,500,30,410,2,0
13,11,1,38,24,410,365,10,2,0
13,11,1,39,154,500,7,10,30,0
13,11,1,40,55,460,365,310,7,0
13,11,1,41,47,460,30,410,2,0
13,11,1,42,21,410,30,310,2,0
13,11,1,43,89,490,365,310,1,0
13,11,1,44,44,460,30,310,2,0
13,11,1,45,85,490,365,10,1,0
13,11,1,46,151,490,30,460,365,0
13,11,1,47,75,490,30,10,7,0
13,11,1,48,141,500,365,410,7,0
13,11,1,49,4,310,30,10,1,0
13,11,1,50,16,410,7,310,2,0
13,11,1,51,39,460,7,410,2,0
13,11,1,52,13,410,7,10,1,0
13,11,1,53,139,500,365,410,1,0
13,11,1,54,147,500,365,490,1,1
13,11,1,55,42,460,30,10,7,0
13,11,1,56,32,460,2,310,1,0
13,11,1,57,160,410,1,10,30,0
13,11,1,58,165,500,2,310,365,0
13,11,1,59,172,410,7,10,30,0
13,11,1,60,33,460,2,410,1,0
13,11,1,61,161,500,30,460,30,0
13,11,1,62,152,500,1,460,1,0
13,11,1,63,20,410,30,310,1,0
13,11,1,64,153,460,7,460,1,1
13,11,1,65,120,500,30,310,2,0
13,11,1,66,61,490,2,10,1,0
13,11,1,67,177,500,365,410,365,0
13,11,1,68,155,460,30,310,30,0
13,11,1,69,138,500,365,310,30,0
13,11,1,70,106,500,7,10,1,0
13,11,1,71,135,500,365,310,1,0
13,11,1,72,158,460,365,460,1,1
13,11,1,73,127,500,30,460,7,0
13,11,1,74,36,460,7,310,1,0
13,11,1,75,62,490,2,310,1,0
13,11,1,76,28,410,365,310,2,0
13,11,1,77,109,500,7,310,2,0
13,11,1,78,3,310,7,10,2,0
13,11,1,79,143,500,365,460,1,0
13,11,1,80,170,490,7,310,365,0
13,11,1,81,126,500,30,460,2,0
13,11,1,82,72,490,7,460,2,0
13,11,1,83,150,500,365,490,30,1
13,11,1,84,95,490,365,410,7,0
13,11,1,85,159,410,365,410,30,1
13,11,1,86,67,490,7,310,1,0
13,11,1,87,132,500,365,10,2,0
13,11,1,88,157,500,1,490,2,0
13,11,1,89,100,490,365,460,30,1
13,11,1,90,171,410,2,410,1,1
13,11,1,91,166,410,30,10,30,0
13,11,1,92,8,310,365,10,2,0
13,11,1,93,121,500,30,310,7,0
13,11,1,94,63,490,2,410,1,0
13,11,1,95,25,410,365,10,7,0
13,11,1,96,129,500,30,490,2,1
13,11,1,97,92,490,365,310,30,0
13,11,1,98,146,500,365,460,30,0
13,11,1,99,112,500,7,460,1,0
13,11,1,100,5,310,30,10,2,0
13,11,1,101,15,410,7,310,1,0
13,11,1,102,41,460,30,10,2,0
13,11,1,103,51,460,365,10,7,0
13,11,1,104,79,490,30,410,1,0
13,11,1,105,23,410,365,10,1,0
13,11,1,106,80,490,30,410,2,0
13,11,1,107,31,460,2,10,1,0
13,11,1,108,43,460,30,310,1,0
13,11,1,109,175,460,2,10,2,0
13,11,1,110,81,490,30,410,7,0
13,11,1,111,69,490,7,410,1,0
13,11,1,112,96,490,365,410,30,0
13,11,1,113,22,410,30,310,7,0
13,11,1,114,164,460,365,410,365,0
13,11,1,115,167,500,1,310,365,0
13,11,1,116,140,500,365,410,2,0
13,11,1,117,53,460,365,310,1,0
13,11,1,118,133,500,365,10,7,0
13,11,1,119,98,490,365,460,2,1
13,11,1,120,17,410,30,10,1,0
13,11,1,121,82,490,30,460,1,0
13,11,1,122,26,410,365,10,30,0
13,11,1,123,99,490,365,460,7,1
13,11,1,124,34,460,7,10,1,0
13,11,1,125,122,500,30,410,1,0
13,11,1,126,54,460,365,310,2,0
13,11,1,127,114,500,7,490,1,0
13,11,1,128,168,500,1,10,30,0
13,11,1,129,46,460,30,410,1,0
13,11,1,130,49,460,365,10,1,0
13,11,1,131,163,460,1,410,1,0
13,11,1,132,131,500,365,10,1,0
13,11,1,133,12,410,2,310,1,0
13,11,1,134,50,460,365,10,2,0
13,11,1,135,174,410,7,310,7,0
13,11,1,136,86,490,365,10,2,0
13,11,1,137,101,500,2,10,1,0
13,11,1,138,77,490,30,310,2,0
13,11,1,139,125,500,30,460,1,0
13,11,1,140,156,310,30,10,30,0
13,11,1,141,115,500,7,490,2,0
13,11,1,142,18,410,30,10,2,0
13,11,1,143,137,500,365,310,7,0
13,11,1,144,78,490,30,310,7,0
13,11,1,145,2,310,7,10,1,0
13,11,1,146,19,410,30,10,7,0
13,11,1,147,9,310,365,10,7,0
13,11,1,148,111,500,7,410,2,0
13,11,1,149,83,490,30,460,2,0
13,11,1,150,73,490,30,10,1,0
13,11,1,151,148,500,365,490,2,1
13,11,1,152,38,460,7,410,1,0
13,11,1,153,110,500,7,410,1,0
13,11,1,154,130,500,30,490,7,0
13,11,1,155,87,490,365,10,7,0
13,11,1,156,102,500,2,310,1,0
13,11,1,157,144,500,365,460,2,0
13,11,1,158,6,310,30,10,7,0
13,11,1,159,113,500,7,460,2,0
13,11,1,160,149,500,365,490,7,1
13,11,1,161,105,500,2,490,1,0
13,11,1,162,136,500,365,310,2,0
13,11,1,163,179,460,1,410,2,0
13,11,1,164,10,310,365,10,30,0
13,11,1,165,35,460,7,10,2,0
13,11,1,166,108,500,7,310,1,0
13,11,1,167,142,500,365,410,30,0
13,11,1,168,145,500,365,460,7,0
13,11,1,169,74,490,30,10,2,0
13,11,1,170,119,500,30,310,1,0
13,11,1,171,14,410,7,10,2,0
13,11,1,172,84,490,30,460,7,0
13,11,1,173,93,490,365,410,1,0
13,11,1,174,57,460,365,410,1,0
13,11,1,175,59,460,365,410,7,0
13,11,1,176,91,490,365,310,7,0
13,11,1,177,40,460,30,10,1,0
13,11,1,178,27,410,365,310,1,0
13,11,1,179,7,310,365,10,1,0
14,14,0,0,14,50,7,10,2,0
14,14,0,1,75,200,30,10,7,0
14,14,0,2,4,20,30,10,1,1
14,14,0,3,93,200,365,50,1,1
14,14,0,4,60,100,365,50,30,1
14,14,0,5,103,500,2,50,1,0
14,14,0,6,117,500,30,10,2,0
14,14,0,7,53,100,365,20,1,1
14,14,0,8,56,100,365,20,30,0
14,14,0,9,160,50,1,10,30,0
14,14,0,10,72,200,7,100,2,0
14,14,0,11,97,200,365,100,1,1
14,14,0,12,150,500,365,200,30,0
14,14,0,13,177,500,365,50,365,0
14,14,0,14,108,500,7,20,1,0
14,14,0,15,10,20,365,10,30,1
14,14,0,16,125,500,30,100,1,0
14,14,0,17,126,500,30,100,2,0
14,14,0,18,113,500,7,100,2,0
14,14,0,19,147,500,365,200,1,1
14,14,0,20,44,100,30,20,2,1
14,14,0,21,153,100,7,100,1,1
14,14,0,22,116,500,30,10,1,0
14,14,0,23,38,100,7,50,1,0
14,14,0,24,42,100,30,10,7,0
14,14,0,25,33,100,2,50,1,0
14,14,0,26,46,100,30,50,1,1
14,14,0,27,157,500,1,200,2,0
14,14,0,28,129,500,30,200,2,0
14,14,0,29,77,200,30,20,2,0
14,14,0,30,141,500,365,50,7,0
14,14,0,31,136,500,365,20,2,0
14,14,0,32,71,200,7,100,1,0
14,14,0,33,106,500,7,10,1,0
14,14,0,34,29,50,365,20,7,1
14,14,0,35,149,500,365,200,7,1
14,14,0,36,11,50,2,10,1,0
14,14,0,37,40,100,30,10,1,0
14,14,0,38,7,20,365,10,1,1
14,14,0,39,76,200,30,20,1,0
14,14,0,40,20,50,30,20,1,1
14,14,0,41,19,50,30,10,7,0
14,14,0,42,122,500,30,50,1,0
14,14,0,43,119,500,30,20,1,0
14,14,0,44,123,500,30,50,2,0
14,14,0,45,65,200,7,10,1,0
14,14,0,46,2,20,7,10,1,1
14,14,0,47,95,200,365,50,7,1
14,14,0,48,130,500,30,200,7,0
14,14,0,49,21,50,30,20,2,1
14,14,0,50,1,20,2,10,1,0
14,14,0,51,144,500,365,100,2,1
14,14,0,52,140,500,365,50,2,0
14,14,0,53,156,20,30,10,30,0
14,14,0,54,79,200,30,50,1,0
14,14,0,55,162,200,2,50,2,0
14,14,0,56,74,200,30,10,2,0
14,14,0,57,59,100,365,50,7,1
14,14,0,58,52,100,365,10,30,1
14,14,0,59,101,500,2,10,1,0
14,14,0,60,165,500,2,20,365,0
14,14,0,61,142,500,365,50,30,0
14,14,0,62,124,500,30,50,7,0
14,14,0,63,168,500,1,10,30,0
14,14,0,64,17,50,30,10,1,0
14,14,0,65,22,50,30,20,7,0
14,14,0,66,12,50,2,20,1,0
14,14,0,67,173,50,7,20,365,0
14,14,0,68,58,100,365,50,2,1
14,14,0,69,67,200,7,20,1,0
14,14,0,70,90,200,365,20,2,0
14,14,0,71,99,200,365,100,7,1
14,14,0,72,171,50,2,50,1,0
14,14,0,73,104,500,2,100,1,0
14,14,0,74,39,100,7,50,2,0
14,14,0,75,87,200,365,10,7,0
14,14,0,76,55,100,365,20,7,1
14,14,0,77,98,200,365,100,2,1
14,14,0,78,118,500,30,10,7,0
14,14,0,79,161,500,30,100,30,0
14,14,0,80,57,100,365,50,1,1
14,14,0,81,54,100,365,20,2,1
14,14,0,82,100,200,365,100,30,1
14,14,0,83,64,200,2,100,1,0
14,14,0,84,121,500,30,20,7,0
14,14,0,85,166,50,30,10,30,0
14,14,0,86,73,200,30,10,1,0
14,14,0,87,109,500,7,20,2,0
14,14,0,88,105,500,2,200,1,0
14,14,0,89,159,50,365,50,30,1
14,14,0,90,134,500,365,10,30,0
14,14,0,91,68,200,7,20,2,0
14,14,0,92,111,500,7,50,2,0
14,14,0,93,69,200,7,50,1,0
14,14,0,94,176,20,1,10,7,0
14,14,0,95,146,500,365,100,30,0
14,14,0,96,48,100,30,50,7,0
14,14,0,97,83,200,30,100,2,0
14,14,0,98,66,200,7,10,2,0
14,14,0,99,82,200,30,100,1,0
14,14,0,100,92,200,365,20,30,0
14,14,0,101,16,50,7,20,2,0
14,14,0,102,120,500,30,20,2,0
14,14,0,103,50,100,365,10,2,1
14,14,0,104,80,200,30,50,2,0
14,14,0,105,62,200,2,20,1,0
14,14,0,106,86,200,365,10,2,1
14,14,0,107,175,100,2,10,2,0
14,14,0,108,85,200,365,10,1,0
14,14,0,109,49,100,365,10,1,1
14,14,0,110,34,100,7,10,1,0
14,14,0,111,112,500,7,100,1,0
14,14,0,112,6,20,30,10,7,1
14,14,0,113,148,500,365,200,2,1
14,14,0,114,163,100,1,50,1,0
14,14,0,115,43,100,30,20,1,0
14,14,0,116,110,500,7,50,1,0
14,14,0,117,172,50,7,10,30,0
14,14,0,118,138,500,365,20,30,0
14,14,0,119,70,200,7,50,2,0
14,14,0,120,107,500,7,10,2,0
14,14,0,121,164,100,365,50,365,0
14,14,0,122,3,20,7,10,2,0
14,14,0,123,88,200,365,10,30,0
14,14,0,124,115,500,7,200,2,0
14,14,0,125,35,100,7,10,2,0
14,14,0,126,30,50,365,20,30,1
14,14,0,127,178,500,1,50,1,0
14,14,0,128,139,500,365,50,1,0
14,14,0,129,89,200,365,20,1,1
14,14,0,130,61,200,2,10,1,0
14,14,0,131,26,50,365,10,30,1
14,14,0,132,23,50,365,10,1,1
14,14,0,133,179,100,1,50,2,0
14,14,0,134,25,50,365,10,7,1
14,14,0,135,78,200,30,20,7,0
14,14,0,136,94,200,365,50,2,1
14,14,0,137,152,500,1,100,1,0
14,14,0,138,24,50,365,10,2,1
14,14,0,139,45,100,30,20,7,0
14,14,0,140,131,500,365,10,1,0
14,14,0,141,154,500,7,10,30,0
14,14,0,142,8,20,365,10,2,1
14,14,0,143,135,500,365,20,1,0
14,14,0,144,84,200,30,100,7,0
14,14,0,145,81,200,30,50,7,0
14,14,0,146,9,20,365,10,7,0
14,14,0,147,5,20,30,10,2,0
14,14,0,148,28,50,365,20,2,1
14,14,0,149,132,500,365,10,2,0
14,14,0,150,102,500,2,20,1,0
14,14,0,151,47,100,30,50,2,0
14,14,0,152,137,500,365,20,7,0
14,14,0,153,36,100,7,20,1,0
14,14,0,154,158,100,365,100,1,1
14,14,0,155,180,50,2,10,365,0
14,14,0,156,27,50,365,20,1,1
14,14,0,157,143,500,365,100,1,1
14,14,0,158,114,500,7,200,1,0
14,14,0,159,155,100,30,20,30,0
14,14,0,160,63,200,2,50,1,0
14,14,0,161,41,100,30,10,2,0
14,14,0,162,18,50,30,10,2,0
14,14,0,163,169,50,30,50,1,1
14,14,0,164,15,50,7,20,1,0
14,14,0,165,170,200,7,20,365,0
14,14,0,166,127,500,30,100,7,0
14,14,0,167,96,200,365,50,30,1
14,14,0,168,37,100,7,20,2,0
14,14,0,169,174,50,7,20,7,0
14,14,0,170,32,100,2,20,1,0
14,14,0,171,145,500,365,100,7,1
14,14,0,172,167,500,1,20,365,0
14,14,0,173,51,100,365,10,7,1
14,14,0,174,13,50,7,10,1,0
14,14,0,175,128,500,30,200,1,0
14,14,0,176,151,200,30,100,365,0
14,14,0,177,133,500,365,10,7,0
14,14,0,178,31,100,2,10,1,0
14,14,0,179,91,200,365,20,7,0
15,9,1,0,161,500,30,460,30,0
15,9,1,1,154,500,7,10,30,0
15,9,1,2,11,410,2,10,1,0
15,9,1,3,105,500,2,490,1,0
15,9,1,4,143,500,365,460,1,1
15,9,1,5,12,410,2,310,1,0
15,9,1,6,25,410,365,10,7,0
15,9,1,7,26,410,365,10,30,0
15,9,1,8,101,500,2,10,1,0
15,9,1,9,73,490,30,10,1,0
15,9,1,10,96,490,365,410,30,1
15,9,1,11,18,410,30,10,2,0
15,9,1,12,32,460,2,310,1,0
15,9,1,13,41,460,30,10,2,0
15,9,1,14,177,500,365,410,365,0
15,9,1,15,34,460,7,10,1,0
15,9,1,16,157,500,1,490,2,0
15,9,1,17,36,460,7,310,1,0
15,9,1,18,166,410,30,10,30,0
15,9,1,19,140,500,365,410,2,1
15,9,1,20,131,500,365,10,1,0
15,9,1,21,64,490,2,460,1,0
15,9,1,22,6,310,30,10,7,0
15,9,1,23,99,490,365,460,7,1
15,9,1,24,107,500,7,10,2,0
15,9,1,25,13,410,7,10,1,0
15,9,1,26,142,500,365,410,30,1
15,9,1,27,167,500,1,310,365,0
15,9,1,28,8,310,365,10,2,0
15,9,1,29,10,310,365,10,30,0
15,9,1,30,27,410,365,310,1,1
15,9,1,31,129,500,30,490,2,1
15,9,1,32,58,460,365,410,2,1
15,9,1,33,172,410,7,10,30,0
15,9,1,34,135,500,365,310,1,1
15,9,1,35,52,460,365,10,30,0
15,9,1,36,147,500,365,490,1,1
15,9,1,37,37,460,7,310,2,0
15,9,1,38,55,460,365,310,7,1
15,9,1,39,95,490,365,410,7,1
15,9,1,40,119,500,30,310,1,0
15,9,1,41,178,500,1,410,1,1
15,9,1,42,78,490,30,310,7,0
15,9,1,43,176,310,1,10,7,0
15,9,1,44,80,490,30,410,2,1
15,9,1,45,124,500,30,410,7,1
15,9,1,46,104,500,2,460,1,0
15,9,1,47,145,500,365,460,7,1
15,9,1,48,134,500,365,10,30,0
15,9,1,49,60,460,365,410,30,1
15,9,1,50,35,460,7,10,2,0
15,9,1,51,136,500,365,310,2,1
15,9,1,52,70,490,7,410,2,0
15,9,1,53,174,410,7,310,7,0
15,9,1,54,90,490,365,310,2,1
15,9,1,55,21,410,30,310,2,1
15,9,1,56,51,460,365,10,7,0
15,9,1,57,173,410,7,310,365,0
15,9,1,58,79,490,30,410,1,0
15,9,1,59,81,490,30,410,7,1
15,9,1,60,38,460,7,410,1,1
15,9,1,61,3,310,7,10,2,0
15,9,1,62,49,460,365,10,1,0
15,9,1,63,151,490,30,460,365,0
15,9,1,64,42,460,30,10,7,0
15,9,1,65,148,500,365,490,2,1
15,9,1,66,39,460,7,410,2,1
15,9,1,67,113,500,7,460,2,0
15,9,1,68,76,490,30,310,1,1
15,9,1,69,84,490,30,460,7,1
15,9,1,70,112,500,7,460,1,0
15,9,1,71,153,460,7,460,1,1
15,9,1,72,155,460,30,310,30,0
15,9,1,73,141,500,365,410,7,1
15,9,1,74,137,500,365,310,7,1
15,9,1,75,17,410,30,10,1,0
15,9,1,76,162,490,2,410,2,0
15,9,1,77,123,500,30,410,2,1
15,9,1,78,4,310,30,10,1,0
15,9,1,79,59,460,365,410,7,1
15,9,1,80,122,500,30,410,1,1
15,9,1,81,48,460,30,410,7,0
15,9,1,82,89,490,365,310,1,1
15,9,1,83,109,500,7,310,2,1
15,9,1,84,128,500,30,490,1,1
15,9,1,85,9,310,365,10,7,0
15,9,1,86,159,410,365,410,30,1
15,9,1,87,115,500,7,490,2,1
15,9,1,88,28,410,365,310,2,1
15,9,1,89,163,460,1,410,1,0
15,9,1,90,108,500,7,310,1,1
15,9,1,91,91,490,365,310,7,1
15,9,1,92,100,490,365,460,30,1
15,9,1,93,138,500,365,310,30,1
15,9,1,94,179,460,1,410,2,0
15,9,1,95,65,490,7,10,1,0
15,9,1,96,133,500,365,10,7,0
15,9,1,97,165,500,2,310,365,0
15,9,1,98,43,460,30,310,1,0
15,9,1,99,111,500,7,410,2,0
15,9,1,100,31,460,2,10,1,0
15,9,1,101,110,500,7,410,1,0
15,9,1,102,61,490,2,10,1,0
15,9,1,103,160,410,1,10,30,0
15,9,1,104,54,460,365,310,2,1
15,9,1,105,53,460,365,310,1,1
15,9,1,106,19,410,30,10,7,0
15,9,1,107,30,410,365,310,30,1
15,9,1,108,118,500,30,10,7,0
15,9,1,109,121,500,30,310,7,0
15,9,1,110,68,490,7,310,2,0
15,9,1,111,97,490,365,460,1,1
15,9,1,112,46,460,30,410,1,1
15,9,1,113,168,500,1,10,30,0
15,9,1,114,22,410,30,310,7,1
15,9,1,115,62,490,2,310,1,0
15,9,1,116,169,410,30,410,1,1
15,9,1,117,164,460,365,410,365,0
15,9,1,118,87,490,365,10,7,0
15,9,1,119,44,460,30,310,2,1
15,9,1,120,92,490,365,310,30,1
15,9,1,121,156,310,30,10,30,0
15,9,1,122,171,410,2,410,1,1
15,9,1,123,126,500,30,460,2,1
15,9,1,124,146,500,365,460,30,1
15,9,1,125,5,310,30,10,2,0
15,9,1,126,85,490,365,10,1,0
15,9,1,127,69,490,7,410,1,1
15,9,1,128,127,500,30,460,7,1
15,9,1,129,139,500,365,410,1,1
15,9,1,130,72,490,7,460,2,1
15,9,1,131,45,460,30,310,7,0
15,9,1,132,67,490,7,310,1,0
15,9,1,133,130,500,30,490,7,1
15,9,1,134,152,500,1,460,1,0
15,9,1,135,23,410,365,10,1,0
15,9,1,136,94,490,365,410,2,1
15,9,1,137,170,490,7,310,365,0
15,9,1,138,86,490,365,10,2,0
15,9,1,139,149,500,365,490,7,1
15,9,1,140,114,500,7,490,1,1
15,9,1,141,74,490,30,10,2,0
15,9,1,142,132,500,365,10,2,0
15,9,1,143,88,490,365,10,30,0
15,9,1,144,7,310,365,10,1,0
15,9,1,145,2,310,7,10,1,0
15,9,1,146,40,460,30,10,1,0
15,9,1,147,56,460,365,310,30,1
15,9,1,148,144,500,365,460,2,1
15,9,1,149,103,500,2,410,1,0
15,9,1,150,82,490,30,460,1,1
15,9,1,151,125,500,30,460,1,1
15,9,1,152,116,500,30,10,1,0
15,9,1,153,20,410,30,310,1,1
15,9,1,154,71,490,7,460,1,1
15,9,1,155,98,490,365,460,2,1
15,9,1,156,50,460,365,10,2,0
15,9,1,157,15,410,7,310,1,1
15,9,1,158,33,460,2,410,1,0
15,9,1,159,180,410,2,10,365,0
15,9,1,160,175,460,2,10,2,0
15,9,1,161,47,460,30,410,2,1
15,9,1,162,75,490,30,10,7,0
15,9,1,163,93,490,365,410,1,1
15,9,1,164,66,490,7,10,2,0
15,9,1,165,158,460,365,460,1,1
15,9,1,166,120,500,30,310,2,0
15,9,1,167,117,500,30,10,2,0
15,9,1,168,150,500,365,490,30,1
15,9,1,169,83,490,30,460,2,1
15,9,1,170,77,490,30,310,2,0
15,9,1,171,1,310,2,10,1,0
15,9,1,172,106,500,7,10,1,0
15,9,1,173,16,410,7,310,2,1
15,9,1,174,14,410,7,10,2,0
15,9,1,175,57,460,365,410,1,1
15,9,1,176,63,490,2,410,1,0
15,9,1,177,102,500,2,310,1,0
15,9,1,178,29,410,365,310,7,1
15,9,1,179,24,410,365,10,2,0
16,13,1,0,58,460,365,410,2,1
16,13,1,1,171,410,2,410,1,1
16,13,1,2,174,410,7,310,7,0
16,13,1,3,4,310,30,10,1,0
16,13,1,4,98,490,365,460,2,1
16,13,1,5,87,490,365,10,7,0
16,13,1,6,156,310,30,10,30,0
16,13,1,7,32,460,2,310,1,0
16,13,1,8,25,410,365,10,7,0
16,13,1,9,13,410,7,10,1,0
16,13,1,10,72,490,7,460,2,0
16,13,1,11,114,500,7,490,1,0
16,13,1,12,45,460,30,310,7,0
16,13,1,13,37,460,7,310,2,0
16,13,1,14,108,500,7,310,1,0
16,13,1,15,107,500,7,10,2,0
16,13,1,16,28,410,365,310,2,1
16,13,1,17,180,410,2,10,365,0
16,13,1,18,17,410,30,10,1,0
16,13,1,19,120,500,30,310,2,0
16,13,1,20,71,490,7,460,1,0
16,13,1,21,110,500,7,410,1,1
16,13,1,22,56,460,365,310,30,0
16,13,1,23,147,500,365,490,1,1
16,13,1,24,143,500,365,460,1,1
16,13,1,25,67,490,7,310,1,0
16,13,1,26,105,500,2,490,1,0
16,13,1,27,167,500,1,310,365,0
16,13,1,28,122,500,30,410,1,0
16,13,1,29,73,490,30,10,1,0
16,13,1,30,36,460,7,310,1,0
16,13,1,31,103,500,2,410,1,0
16,13,1,32,78,490,30,310,7,0
16,13,1,33,163,460,1,410,1,0
16,13,1,34,106,500,7,10,1,0
16,13,1,35,165,500,2,310,365,0
16,13,1,36,2,310,7,10,1,0
16,13,1,37,84,490,30,460,7,0
16,13,1,38,35,460,7,10,2,0
16,13,1,39,34,460,7,10,1,0
16,13,1,40,169,410,30,410,1,1
16,13,1,41,86,490,365,10,2,0
16,13,1,42,142,500,365,410,30,0
16,13,1,43,85,490,365,10,1,0
16,13,1,44,97,490,365,460,1,1
16,13,1,45,150,500,365,490,30,1
16,13,1,46,168,500,1,10,30,0
16,13,1,47,23,410,365,10,1,0
16,13,1,48,149,500,365,490,7,1
16,13,1,49,135,500,365,310,1,0
16,13,1,50,95,490,365,410,7,1
16,13,1,51,68,490,7,310,2,0
16,13,1,52,152,500,1,460,1,0
16,13,1,53,29,410,365,310,7,0
16,13,1,54,69,490,7,410,1,1
16,13,1,55,27,410,365,310,1,0
16,13,1,56,41,460,30,10,2,0
16,13,1,57,82,490,30,460,1,0
16,13,1,58,59,460,365,410,7,0
16,13,1,59,146,500,365,460,30,0
16,13,1,60,133,500,365,10,7,0
16,13,1,61,161,500,30,460,30,0
16,13,1,62,118,500,30,10,7,0
16,13,1,63,129,500,30,490,2,1
16,13,1,64,66,490,7,10,2,0
16,13,1,65,55,460,365,310,7,0
16,13,1,66,104,500,2,460,1,0
16,13,1,67,158,460,365,460,1,1
16,13,1,68,93,490,365,410,1,0
16,13,1,69,176,310,1,10,7,0
16,13,1,70,63,490,2,410,1,0
16,13,1,71,53,460,365,310,1,0
16,13,1,72,80,490,30,410,2,0
16,13,1,73,130,500,30,490,7,1
16,13,1,74,109,500,7,310,2,0
16,13,1,75,57,460,365,410,1,1
16,13,1,76,112,500,7,460,1,0
16,13,1,77,40,460,30,10,1,0
16,13,1,78,88,490,365,10,30,0
16,13,1,79,42,460,30,10,7,0
16,13,1,80,126,500,30,460,2,0
16,13,1,81,65,490,7,10,1,0
16,13,1,82,124,500,30,410,7,0
16,13,1,83,76,490,30,310,1,0
16,13,1,84,31,460,2,10,1,0
16,13,1,85,61,490,2,10,1,0
16,13,1,86,134,500,365,10,30,0
16,13,1,87,121,500,30,310,7,0
16,13,1,88,92,490,365,310,30,0
16,13,1,89,153,460,7,460,1,1
16,13,1,90,50,460,365,10,2,0
16,13,1,91,62,490,2,310,1,0
16,13,1,92,89,490,365,310,1,0
16,13,1,93,49,460,365,10,1,0
16,13,1,94,141,500,365,410,7,0
16,13,1,95,54,460,365,310,2,0
16,13,1,96,83,490,30,460,2,0
16,13,1,97,154,500,7,10,30,0
16,13,1,98,30,410,365,310,30,0
16,13,1,99,20,410,30,310,1,0
16,13,1,100,47,460,30,410,2,0
16,13,1,101,162,490,2,410,2,0
16,13,1,102,99,490,365,460,7,1
16,13,1,103,96,490,365,410,30,0
16,13,1,104,179,460,1,410,2,0
16,13,1,105,101,500,2,10,1,0
16,13,1,106,7,310,365,10,1,0
16,13,1,107,170,490,7,310,365,0
16,13,1,108,139,500,365,410,1,0
16,13,1,109,79,490,30,410,1,0
16,13,1,110,140,500,365,410,2,0
16,13,1,111,166,410,30,10,30,0
16,13,1,112,145,500,365,460,7,1
16,13,1,113,46,460,30,410,1,0
16,13,1,114,128,500,30,490,1,1
16,13,1,115,21,410,30,310,2,0
16,13,1,116,136,500,365,310,2,0
16,13,1,117,70,490,7,410,2,0
16,13,1,118,175,460,2,10,2,0
16,13,1,119,9,310,365,10,7,0
16,13,1,120,75,490,30,10,7,0
16,13,1,121,64,490,2,460,1,0
16,13,1,122,177,500,365,410,365,0
16,13,1,123,148,500,365,490,2,1
16,13,1,124,77,490,30,310,2,0
16,13,1,125,8,310,365,10,2,0
16,13,1,126,94,490,365,410,2,0
16,13,1,127,5,310,30,10,2,0
16,13,1,128,91,490,365,310,7,0
16,13,1,129,39,460,7,410,2,0
16,13,1,130,10,310,365,10,30,0
16,13,1,131,131,500,365,10,1,0
16,13,1,132,3,310,7,10,2,0
16,13,1,133,90,490,365,310,2,0
16,13,1,134,51,460,365,10,7,0
16,13,1,135,24,410,365,10,2,0
16,13,1,136,52,460,365,10,30,0
16,13,1,137,132,500,365,10,2,0
16,13,1,138,102,500,2,310,1,0
16,13,1,139,164,460,365,410,365,0
16,13,1,140,151,490,30,460,365,0
16,13,1,141,6,310,30,10,7,0
16,13,1,142,16,410,7,310,2,0
16,13,1,143,48,460,30,410,7,0
16,13,1,144,26,410,365,10,30,0
16,13,1,145,119,500,30,310,1,0
16,13,1,146,173,410,7,310,365,0
16,13,1,147,1,310,2,10,1,0
16,13,1,148,125,500,30,460,1,0
16,13,1,149,157,500,1,490,2,0
16,13,1,150,22,410,30,310,7,0
16,13,1,151,159,410,365,410,30,1
16,13,1,152,155,460,30,310,30,0
16,13,1,153,117,500,30,10,2,0
16,13,1,154,44,460,30,310,2,0
16,13,1,155,18,410,30,10,2,0
16,13,1,156,74,490,30,10,2,0
16,13,1,157,172,410,7,10,30,0
16,13,1,158,137,500,365,310,7,0
16,13,1,159,38,460,7,410,1,0
16,13,1,160,11,410,2,10,1,0
16,13,1,161,33,460,2,410,1,0
16,13,1,162,14,410,7,10,2,0
16,13,1,163,115,500,7,490,2,0
16,13,1,164,15,410,7,310,1,0
16,13,1,165,19,410,30,10,7,0
16,13,1,166,160,410,1,10,30,0
16,13,1,167,111,500,7,410,2,0
16,13,1,168,123,500,30,410,2,0
16,13,1,169,113,500,7,460,2,0
16,13,1,170,138,500,365,310,30,0
16,13,1,171,127,500,30,460,7,0
16,13,1,172,43,460,30,310,1,0
16,13,1,173,116,500,30,10,1,0
16,13,1,174,100,490,365,460,30,1
16,13,1,175,178,500,1,410,1,0
16,13,1,176,144,500,365,460,2,1
16,13,1,177,60,460,365,410,30,0
16,13,1,178,81,490,30,410,7,0
16,13,1,179,12,410,2,310,1,0
17,17,1,0,83,490,30,460,2,1
17,17,1,1,92,490,365,310,30,1
17,17,1,2,129,500,30,490,2,1
17,17,1,3,62,490,2,310,1,0
17,17,1,4,76,490,30,310,1,1
17,17,1,5,74,490,30,10,2,0
17,17,1,6,96,490,365,410,30,1
17,17,1,7,152,500,1,460,1,0
17,17,1,8,156,310,30,10,30,0
17,17,1,9,109,500,7,310,2,0
17,17,1,10,54,460,365,310,2,1
17,17,1,11,173,410,7,310,365,0
17,17,1,12,47,460,30,410,2,1
17,17,1,13,93,490,365,410,1,1
17,17,1,14,81,490,30,410,7,1
17,17,1,15,121,500,30,310,7,0
17,17,1,16,176,310,1,10,7,0
17,17,1,17,138,500,365,310,30,1
17,17,1,18,166,410,30,10,30,0
17,17,1,19,142,500,365,410,30,1
17,17,1,20,50,460,365,10,2,1
17,17,1,21,141,500,365,410,7,1
17,17,1,22,139,500,365,410,1,1
17,17,1,23,79,490,30,410,1,1
17,17,1,24,48,460,30,410,7,1
17,17,1,25,63,490,2,410,1,0
17,17,1,26,90,490,365,310,2,1
17,17,1,27,101,500,2,10,1,0
17,17,1,28,108,500,7,310,1,0
17,17,1,29,78,490,30,310,7,1
17,17,1,30,123,500,30,410,2,1
17,17,1,31,28,410,365,310,2,1
17,17,1,32,25,410,365,10,7,1
17,17,1,33,27,410,365,310,1,1
17,17,1,34,3,310,7,10,2,0
17,17,1,35,116,500,30,10,1,0
17,17,1,36,177,500,365,410,365,0
17,17,1,37,113,500,7,460,2,1
17,17,1,38,2,310,7,10,1,0
17,17,1,39,171,410,2,410,1,1
17,17,1,40,15,410,7,310,1,0
17,17,1,41,73,490,30,10,1,0
17,17,1,42,69,490,7,410,1,1
17,17,1,43,134,500,365,10,30,0
17,17,1,44,146,500,365,460,30,1
17,17,1,45,172,410,7,10,30,0
17,17,1,46,165,500,2,310,365,0
17,17,1,47,128,500,30,490,1,1
17,17,1,48,67,490,7,310,1,0
17,17,1,49,99,490,365,460,7,0
17,17,1,50,12,410,2,310,1,0
17,17,1,51,102,500,2,310,1,0
17,17,1,52,122,500,30,410,1,1
17,17,1,53,55,460,365,310,7,1
17,17,1,54,36,460,7,310,1,1
17,17,1,55,137,500,365,310,7,1
17,17,1,56,131,500,365,10,1,0
17,17,1,57,149,500,365,490,7,1
17,17,1,58,24,410,365,10,2,0
17,17,1,59,33,460,2,410,1,0
17,17,1,60,22,410,30,310,7,1
17,17,1,61,158,460,365,460,1,1
17,17,1,62,103,500,2,410,1,0
17,17,1,63,110,500,7,410,1,0
17,17,1,64,65,490,7,10,1,0
17,17,1,65,178,500,1,410,1,0
17,17,1,66,57,460,365,410,1,1
17,17,1,67,84,490,30,460,7,1
17,17,1,68,75,490,30,10,7,0
17,17,1,69,87,490,365,10,7,0
17,17,1,70,13,410,7,10,1,0
17,17,1,71,8,310,365,10,2,0
17,17,1,72,153,460,7,460,1,0
17,17,1,73,114,500,7,490,1,0
17,17,1,74,29,410,365,310,7,1
17,17,1,75,136,500,365,310,2,1
17,17,1,76,180,410,2,10,365,0
17,17,1,77,52,460,365,10,30,0
17,17,1,78,66,490,7,10,2,0
17,17,1,79,17,410,30,10,1,0
17,17,1,80,174,410,7,310,7,0
17,17,1,81,112,500,7,460,1,0
17,17,1,82,170,490,7,310,365,0
17,17,1,83,5,310,30,10,2,0
17,17,1,84,106,500,7,10,1,0
17,17,1,85,118,500,30,10,7,0
17,17,1,86,51,460,365,10,7,0
17,17,1,87,4,310,30,10,1,0
17,17,1,88,16,410,7,310,2,1
17,17,1,89,91,490,365,310,7,1
17,17,1,90,56,460,365,310,30,1
17,17,1,91,143,500,365,460,1,1
17,17,1,92,147,500,365,490,1,1
17,17,1,93,21,410,30,310,2,1
17,17,1,94,144,500,365,460,2,1
17,17,1,95,37,460,7,310,2,0
17,17,1,96,20,410,30,310,1,1
17,17,1,97,35,460,7,10,2,0
17,17,1,98,94,490,365,410,2,1
17,17,1,99,104,500,2,460,1,0
17,17,1,100,95,490,365,410,7,1
17,17,1,101,167,500,1,310,365,0
17,17,1,102,39,460,7,410,2,0
17,17,1,103,30,410,365,310,30,1
17,17,1,104,49,460,365,10,1,0
17,17,1,105,132,500,365,10,2,0
17,17,1,106,26,410,365,10,30,0
17,17,1,107,120,500,30,310,2,1
17,17,1,108,88,490,365,10,30,0
17,17,1,109,72,490,7,460,2,1
17,17,1,110,46,460,30,410,1,0
17,17,1,111,61,490,2,10,1,0
17,17,1,112,98,490,365,460,2,1
17,17,1,113,162,490,2,410,2,0
17,17,1,114,59,460,365,410,7,1
17,17,1,115,130,500,30,490,7,1
17,17,1,116,43,460,30,310,1,0
17,17,1,117,71,490,7,460,1,1
17,17,1,118,41,460,30,10,2,0
17,17,1,119,151,490,30,460,365,0
17,17,1,120,31,460,2,10,1,0
17,17,1,121,1,310,2,10,1,0
17,17,1,122,45,460,30,310,7,0
17,17,1,123,135,500,365,310,1,1
17,17,1,124,34,460,7,10,1,0
17,17,1,125,53,460,365,310,1,1
17,17,1,126,119,500,30,310,1,1
17,17,1,127,140,500,365,410,2,1
17,17,1,128,100,490,365,460,30,1
17,17,1,129,70,490,7,410,2,0
17,17,1,130,85,490,365,10,1,0
17,17,1,131,179,460,1,410,2,0
17,17,1,132,68,490,7,310,2,0
17,17,1,133,9,310,365,10,7,0
17,17,1,134,58,460,365,410,2,1
17,17,1,135,86,490,365,10,2,0
17,17,1,136,10,310,365,10,30,0
17,17,1,137,40,460,30,10,1,0
17,17,1,138,80,490,30,410,2,1
17,17,1,139,163,460,1,410,1,0
17,17,1,140,89,490,365,310,1,1
17,17,1,141,64,490,2,460,1,0
17,17,1,142,127,500,30,460,7,1
17,17,1,143,124,500,30,410,7,0
17,17,1,144,161,500,30,460,30,0
17,17,1,145,155,460,30,310,30,0
17,17,1,146,42,460,30,10,7,0
17,17,1,147,105,500,2,490,1,0
17,17,1,148,18,410,30,10,2,0
17,17,1,149,23,410,365,10,1,0
17,17,1,150,60,460,365,410,30,1
17,17,1,151,154,500,7,10,30,0
17,17,1,152,107,500,7,10,2,0
17,17,1,153,77,490,30,310,2,1
17,17,1,154,19,410,30,10,7,0
17,17,1,155,148,500,365,490,2,1
17,17,1,156,11,410,2,10,1,0
17,17,1,157,32,460,2,310,1,0
17,17,1,158,168,500,1,10,30,0
17,17,1,159,145,500,365,460,7,1
17,17,1,160,44,460,30,310,2,1
17,17,1,161,164,460,365,410,365,0
17,17,1,162,157,500,1,490,2,0
17,17,1,163,38,460,7,410,1,0
17,17,1,164,133,500,365,10,7,0
17,17,1,165,175,460,2,10,2,0
17,17,1,166,6,310,30,10,7,0
17,17,1,167,14,410,7,10,2,0
17,17,1,168,117,500,30,10,2,0
17,17,1,169,159,410,365,410,30,1
17,17,1,170,125,500,30,460,1,1
17,17,1,171,126,500,30,460,2,1
17,17,1,172,115,500,7,490,2,0
17,17,1,173,7,310,365,10,1,0
17,17,1,174,111,500,7,410,2,0
17,17,1,175,169,410,30,410,1,1
17,17,1,176,150,500,365,490,30,1
17,17,1,177,160,410,1,10,30,0
17,17,1,178,82,490,30,460,1,1
17,17,1,179,97,490,365,460,1,1
18,16,0,0,135,500,365,20,1,0
18,16,0,1,91,200,365,20,7,0
18,16,0,2,12,50,2,20,1,0
18,16,0,3,134,500,365,10,30,0
18,16,0,4,4,20,30,10,1,1
18,16,0,5,6,20,30,10,7,1
18,16,0,6,175,100,2,10,2,0
18,16,0,7,25,50,365,10,7,1
18,16,0,8,105,500,2,200,1,0
18,16,0,9,70,200,7,50,2,0
18,16,0,10,53,100,365,20,1,1
18,16,0,11,62,200,2,20,1,0
18,16,0,12,52,100,365,10,30,0
18,16,0,13,145,500,365,100,7,0
18,16,0,14,57,100,365,50,1,1
18,16,0,15,14,50,7,10,2,0
18,16,0,16,103,500,2,50,1,0
18,16,0,17,85,200,365,10,1,0
18,16,0,18,133,500,365,10,7,0
18,16,0,19,98,200,365,100,2,0
18,16,0,20,43,100,30,20,1,0
18,16,0,21,80,200,30,50,2,0
18,16,0,22,143,500,365,100,1,0
18,16,0,23,30,50,365,20,30,1
18,16,0,24,56,100,365,20,30,0
18,16,0,25,108,500,7,20,1,0
18,16,0,26,17,50,30,10,1,0
18,16,0,27,97,200,365,100,1,1
18,16,0,28,121,500,30,20,7,0
18,16,0,29,35,100,7,10,2,1
18,16,0,30,28,50,365,20,2,1
18,16,0,31,136,500,365,20,2,0
18,16,0,32,44,100,30,20,2,0
18,16,0,33,93,200,365,50,1,0
18,16,0,34,2,20,7,10,1,0
18,16,0,35,171,50,2,50,1,1
18,16,0,36,66,200,7,10,2,0
18,16,0,37,149,500,365,200,7,0
18,16,0,38,106,500,7,10,1,0
18,16,0,39,36,100,7,20,1,0
18,16,0,40,15,50,7,20,1,1
18,16,0,41,47,100,30,50,2,0
18,16,0,42,176,20,1,10,7,0
18,16,0,43,99,200,365,100,7,1
18,16,0,44,94,200,365,50,2,0
18,16,0,45,113,500,7,100,2,0
18,16,0,46,78,200,30,20,7,0
18,16,0,47,74,200,30,10,2,0
18,16,0,48,16,50,7,20,2,0
18,16,0,49,31,100,2,10,1,0
18,16,0,50,96,200,365,50,30,0
18,16,0,51,137,500,365,20,7,0
18,16,0,52,10,20,365,10,30,1
18,16,0,53,179,100,1,50,2,0
18,16,0,54,128,500,30,200,1,0
18,16,0,55,163,100,1,50,1,0
18,16,0,56,154,500,7,10,30,0
18,16,0,57,23,50,365,10,1,1
18,16,0,58,32,100,2,20,1,0
18,16,0,59,83,200,30,100,2,0
18,16,0,60,119,500,30,20,1,0
18,16,0,61,124,500,30,50,7,0
18,16,0,62,45,100,30,20,7,0
18,16,0,63,7,20,365,10,1,1
18,16,0,64,27,50,365,20,1,1
18,16,0,65,166,50,30,10,30,0
18,16,0,66,88,200,365,10,30,0
18,16,0,67,130,500,30,200,7,0
18,16,0,68,122,500,30,50,1,0
18,16,0,69,160,50,1,10,30,0
18,16,0,70,76,200,30,20,1,0
18,16,0,71,177,500,365,50,365,0
18,16,0,72,60,100,365,50,30,1
18,16,0,73,79,200,30,50,1,0
18,16,0,74,167,500,1,20,365,0
18,16,0,75,49,100,365,10,1,0
18,16,0,76,51,100,365,10,7,0
18,16,0,77,50,100,365,10,2,0
18,16,0,78,75,200,30,10,7,0
18,16,0,79,40,100,30,10,1,0
18,16,0,80,153,100,7,100,1,1
18,16,0,81,156,20,30,10,30,0
18,16,0,82,123,500,30,50,2,0
18,16,0,83,131,500,365,10,1,0
18,16,0,84,126,500,30,100,2,0
18,16,0,85,86,200,365,10,2,0
18,16,0,86,5,20,30,10,2,1
18,16,0,87,19,50,30,10,7,1
18,16,0,88,101,500,2,10,1,0
18,16,0,89,155,100,30,20,30,0
18,16,0,90,165,500,2,20,365,0
18,16,0,91,39,100,7,50,2,0
18,16,0,92,117,500,30,10,2,0
18,16,0,93,146,500,365,100,30,0
18,16,0,94,63,200,2,50,1,0
18,16,0,95,59,100,365,50,7,1
18,16,0,96,107,500,7,10,2,0
18,16,0,97,120,500,30,20,2,0
18,16,0,98,9,20,365,10,7,1
18,16,0,99,144,500,365,100,2,0
18,16,0,100,92,200,365,20,30,0
18,16,0,101,110,500,7,50,1,0
18,16,0,102,82,200,30,100,1,0
18,16,0,103,87,200,365,10,7,0
18,16,0,104,48,100,30,50,7,0
18,16,0,105,109,500,7,20,2,0
18,16,0,106,38,100,7,50,1,0
18,16,0,107,84,200,30,100,7,0
18,16,0,108,159,50,365,50,30,1
18,16,0,109,168,500,1,10,30,0
18,16,0,110,81,200,30,50,7,0
18,16,0,111,141,500,365,50,7,0
18,16,0,112,77,200,30,20,2,0
18,16,0,113,180,50,2,10,365,0
18,16,0,114,170,200,7,20,365,0
18,16,0,115,127,500,30,100,7,0
18,16,0,116,142,500,365,50,30,0
18,16,0,117,174,50,7,20,7,0
18,16,0,118,58,100,365,50,2,1
18,16,0,119,29,50,365,20,7,1
18,16,0,120,21,50,30,20,2,0
18,16,0,121,69,200,7,50,1,0
18,16,0,122,164,100,365,50,365,0
18,16,0,123,173,50,7,20,365,0
18,16,0,124,20,50,30,20,1,1
18,16,0,125,114,500,7,200,1,0
18,16,0,126,22,50,30,20,7,0
18,16,0,127,152,500,1,100,1,0
18,16,0,128,111,500,7,50,2,0
18,16,0,129,24,50,365,10,2,1
18,16,0,130,65,200,7,10,1,0
18,16,0,131,72,200,7,100,2,0
18,16,0,132,116,500,30,10,1,0
18,16,0,133,11,50,2,10,1,0
18,16,0,134,1,20,2,10,1,0
18,16,0,135,150,500,365,200,30,0
18,16,0,136,33,100,2,50,1,0
18,16,0,137,68,200,7,20,2,0
18,16,0,138,54,100,365,20,2,0
18,16,0,139,151,200,30,100,365,0
18,16,0,140,118,500,30,10,7,0
18,16,0,141,71,200,7,100,1,0
18,16,0,142,95,200,365,50,7,0
18,16,0,143,46,100,30,50,1,0
18,16,0,144,102,500,2,20,1,0
18,16,0,145,161,500,30,100,30,0
18,16,0,146,112,500,7,100,1,0
18,16,0,147,147,500,365,200,1,0
18,16,0,148,73,200,30,10,1,0
18,16,0,149,172,50,7,10,30,0
18,16,0,150,157,500,1,200,2,0
18,16,0,151,61,200,2,10,1,0
18,16,0,152,178,500,1,50,1,0
18,16,0,153,104,500,2,100,1,0
18,16,0,154,115,500,7,200,2,0
18,16,0,155,55,100,365,20,7,0
18,16,0,156,140,500,365,50,2,0
18,16,0,157,37,100,7,20,2,0
18,16,0,158,42,100,30,10,7,0
18,16,0,159,169,50,30,50,1,1
18,16,0,160,13,50,7,10,1,0
18,16,0,161,89,200,365,20,1,0
18,16,0,162,132,500,365,10,2,0
18,16,0,163,41,100,30,10,2,0
18,16,0,164,8,20,365,10,2,1
18,16,0,165,67,200,7,20,1,0
18,16,0,166,162,200,2,50,2,0
18,16,0,167,26,50,365,10,30,0
18,16,0,168,64,200,2,100,1,0
18,16,0,169,125,500,30,100,1,0
18,16,0,170,129,500,30,200,2,0
18,16,0,171,18,50,30,10,2,0
18,16,0,172,158,100,365,100,1,1
18,16,0,173,34,100,7,10,1,0
18,16,0,174,148,500,365,200,2,0
18,16,0,175,139,500,365,50,1,0
18,16,0,176,3,20,7,10,2,0
18,16,0,177,100,200,365,100,30,0
18,16,0,178,138,500,365,20,30,0
18,16,0,179,90,200,365,20,2,0
